element_type,osmid,barrier,geometry,nodes,landuse,name,operator,plant:output:electricity,plant:source,power,ref:US:EIA,source,start_date,plant:method,ways,type,wikidata,wikipedia,operator:short,operator:wikidata,plant:type,alt_name,waterway
way,1073692887,,"POLYGON ((-115.77444583876694 32.82950568398446, -115.77442739242802 32.83309122634888, -115.76861825804396 32.83307015833099, -115.76863267227813 32.83027199116465, -115.77241301523947 32.83028570049992, -115.77241704737276 32.829498325315484, -115.77444583876694 32.82950568398446))","[9849123929, 9849123928, 9849123927, 9849123926, 9849123925, 9849123924, 9849123929]",,Centinela State Prison Solar,"Ecoplexus, Inc",6 MW,solar,plant,64519,U.S. Energy Information Administration - EIA-860 - 2021,2019-12,,,,,,,,,,
way,1110445420,,"POLYGON ((-115.60468376979878 32.80413269322882, -115.60469392357187 32.80283426942729, -115.60396851960427 32.8028302481914, -115.60395846584404 32.80412867199508, -115.60468376979878 32.80413269322882))","[10158553123, 10158553122, 10158553121, 10158553120, 10158553123]",,,,yes,solar,plant,,,,photovoltaic,,,,,,,,,
relation,6235170,,"MULTIPOLYGON (((-115.65228494361197 32.67092530182901, -115.65224167194916 32.67756873796995, -115.64389347613853 32.67753689617547, -115.64387223846 32.67089795866409, -115.65228494361197 32.67092530182901)), ((-115.63470125489792 32.677617340922446, -115.61747368463502 32.677625848634456, -115.61740424809517 32.670792791259416, -115.62596707371011 32.670840440921594, -115.62606898398411 32.67094885423806, -115.63471762171385 32.67100330692437, -115.63470125489792 32.677617340922446)), ((-115.58243905922406 32.67771285313576, -115.58250904866068 32.670739786515725, -115.59098606128192 32.670796534930915, -115.59097239023127 32.67751447874832, -115.58375615604496 32.677511971639355, -115.58376684952594 32.677712891209985, -115.58243905922406 32.67771285313576)), ((-115.58241726258365 32.6850354545187, -115.58247115124229 32.67802678415492, -115.592109725025 32.678218978898094, -115.60407412887565 32.678497048407856, -115.60452478289513 32.67876128665699, -115.60494860721036 32.67967128606015, -115.60529733939161 32.680116038698216, -115.60550383824784 32.68088381823556, -115.60551450505719 32.68175080167334, -115.6004256643527 32.682030682700336, -115.60071255867891 32.685695242266405, -115.59450497044263 32.685654460436446, -115.59452382734355 32.68430193131165, -115.59149249670922 32.68420483510731, -115.59143343494877 32.68553466090012, -115.58241726258365 32.6850354545187)), ((-115.58217612859862 32.67753672871027, -115.57358109470557 32.67758848718439, -115.57361357361663 32.670746332088044, -115.58221130607926 32.67073757776835, -115.58217612859862 32.67753672871027)), ((-115.56499975721685 32.670298942125335, -115.56501330119134 32.66675570275939, -115.58226242517716 32.665450872225044, -115.58224613070236 32.670247531773036, -115.56499975721685 32.670298942125335)))","[[[4196335329, 4196335331, 4196335320, 4196335318, 4196335329], [4196335332, 4196335333, 4196335326, 4196335327, 4196335321, 4196335319, 4196335332], [4196335361, 4196335336, 4196335341, 4196335344, 4196335345, 4196335346, 4196335348, 4196335349, 4196335350, 4196335351, 4196335374, 4196335372, 4196335357, 4196335356, 4196335369, 4196335361], [4196335311, 4196335310, 4196335305, 4196335306, 4196335311], [4196335323, 4196335330, 4196335328, 4196335322, 4196335323], [6465957041, 6465957040, 6465957039, 6465957038, 6465957037, 6465957036, 6465957041]]]",industrial,Imperial Valley Solar Farm,"Imperial Valley Solar, LLC",199.9 MW,solar,plant,56917,U.S. Energy Information Administration - EIA-860 - 2021,2013-11,photovoltaic,"[419597377, 419597382, 419597369, 419597370, 419597371, 689254563]",multipolygon,Q6006932,en:Imperial Valley Solar Farm,,,,,
relation,6235171,,"MULTIPOLYGON (((-115.66184833305758 32.67047163164035, -115.65962225712768 32.659369502545395, -115.66115670489957 32.65867387961328, -115.6625356058487 32.658592611204085, -115.66804029475703 32.65860186932571, -115.67058318706722 32.66292015645929, -115.67041116079663 32.67047647675961, -115.66184833305758 32.67047163164035)), ((-115.65984445156892 32.6703248602903, -115.65295556358677 32.67032916380037, -115.65300425390406 32.66073124413782, -115.65468352568745 32.65995431756005, -115.65564396519306 32.65990914066953, -115.65833194895704 32.65994992139008, -115.65891660637773 32.66311624199461, -115.65868047107479 32.66315243872115, -115.65934031834354 32.666842611722494, -115.65929197696254 32.66770529312773, -115.65936166531273 32.668247247126544, -115.65984445156892 32.6703248602903)), ((-115.65965129735365 32.670988818480915, -115.66109962415851 32.67802063455521, -115.6528265383119 32.67800679671688, -115.6528697254766 32.670975023317226, -115.65965129735365 32.670988818480915)), ((-115.65245129128087 32.6703291493834, -115.64396347373928 32.67034250798108, -115.64399606062713 32.660776090949035, -115.64537496299985 32.66065871910578, -115.65251068386306 32.6607131282932, -115.65245129128087 32.6703291493834)))","[[[4196335313, 4196335315, 4196335301, 4196335298, 4196335299, 4196335313], [4196335312, 4196335314, 4196335300, 4196335297, 4196335295, 4196335296, 4196335303, 4196335304, 4196335307, 4196335308, 4196335309, 4196335312], [4196335325, 4196335335, 4196335334, 4196335324, 4196335325], [4196335316, 4196335294, 4196335293, 4196335291, 4196335292, 4196335302, 4196335317, 4196335316]]]",,Imperial Solar Energy Center South,CSOLAR IV South LLC,128.9 MW,solar,plant,57490,U.S. Energy Information Administration - EIA-860 - 2021,2013-11,photovoltaic,"[419597378, 419597368, 419597376, 419597383]",multipolygon,Q16934775,,,,,,
relation,9081854,fence,"MULTIPOLYGON (((-115.79243735519604 32.77625270051689, -115.79245441342847 32.78236708663448, -115.79245470310663 32.78262651148813, -115.79247591703036 32.789862705041244, -115.77977359140539 32.78986234265645, -115.77981298488827 32.78266245437925, -115.77090961249183 32.78248658349809, -115.77087054724772 32.78147688569884, -115.77019172650247 32.779555982382995, -115.77423870714165 32.7795780999789, -115.7767191727869 32.77934764867847, -115.77849463756898 32.77910617620338, -115.79243735519604 32.77625270051689)), ((-115.77548233356202 32.760862242677284, -115.78379362488683 32.76093158628862, -115.78394844297028 32.76103580068777, -115.78399174462048 32.76115031289466, -115.78400877566479 32.775459184184996, -115.78834639898383 32.775459307884844, -115.78834640274715 32.77536509886104, -115.7915231578953 32.77539939271773, -115.7915740539265 32.775681921231644, -115.77766524302739 32.778489593493404, -115.77560843720993 32.77874635940595, -115.7740811129544 32.7788661273001, -115.76974358866572 32.77889170598209, -115.76726167791247 32.775242985731104, -115.76660950909185 32.774620507504984, -115.76658426359585 32.768161988189405, -115.77547574219034 32.768133839139345, -115.77548233356202 32.760862242677284)))","[[[6119808448, 9099327011, 9099341170, 6119808449, 6119808450, 6119808451, 6119808452, 6119808453, 6119808454, 6119808455, 6119808456, 6119808457, 6119808448], [6119808431, 6119808432, 6119808433, 6119808434, 6119808435, 6119808436, 6119808437, 6119808438, 6119808439, 6119808440, 6119808441, 6119808442, 6119808443, 6119808444, 6119808445, 6119808446, 6119808447, 6119808431]]]",,Imperial Solar Energy Center West,Tenaska,148.7 MW,solar,plant,57491,U.S. Energy Information Administration - EIA-860 - 2021,2016-04,photovoltaic,"[652921364, 652921363]",multipolygon,Q38251293,,,,,,
relation,9222664,fence,"MULTIPOLYGON (((-115.77595830546677 32.80080288107145, -115.77595766641505 32.79927723502863, -115.77595730547762 32.79829954143695, -115.77613473757683 32.798134630716696, -115.77975955860539 32.798133734090584, -115.77976055201636 32.80080188950851, -115.77595830546677 32.80080288107145)), ((-115.77320003669715 32.80011123613118, -115.77110483594876 32.80010157538818, -115.77110926365091 32.79942521077956, -115.77121717914083 32.799425713908796, -115.7712178829918 32.79933200495989, -115.77320516824376 32.79934126258199, -115.77320003669715 32.80011123613118)), ((-115.77078236545668 32.800704923926645, -115.76725285784684 32.800713323948145, -115.76799074228606 32.79875465755917, -115.7682235757725 32.79875406415065, -115.76822209336152 32.79830922153188, -115.77077426040492 32.79830309381449, -115.77078236545668 32.800704923926645)))","[[[6212014186, 6212013857, 6212014187, 6212014188, 6212014189, 6212014190, 6212014186], [6212013874, 6212013875, 6212013876, 6212013877, 6212013878, 6212013879, 6212013874], [6212013880, 6212013881, 6212013882, 6212013883, 6212013884, 6212014185, 6212013880]]]",industrial,Dixieland Solar,AES,5 MW,solar,plant,60745;60744,U.S. Energy Information Administration - EIA-860 - 2021,2016-12,photovoltaic,"[663679234, 663679232, 663679233]",multipolygon,,,,,,,
relation,10945395,fence,"MULTIPOLYGON (((-115.73127681424681 32.757600268539655, -115.73127676930233 32.758723776155286, -115.73190442823407 32.762003908259814, -115.73191503589634 32.764350033260975, -115.72911973334459 32.76437705598592, -115.72803069517353 32.76392128122026, -115.72802014511126 32.7576362789582, -115.73127681424681 32.757600268539655)), ((-115.7191575803123 32.73993803021128, -115.71926467156487 32.745542970318354, -115.71893199853359 32.74617472134142, -115.71134561039325 32.7461474019504, -115.71126004721299 32.73991980283893, -115.7191575803123 32.73993803021128)), ((-115.71844337006115 32.75513176542987, -115.71880821631255 32.75528519055182, -115.71913014629358 32.75569123864443, -115.71912470218093 32.75677414221169, -115.7192535148994 32.75691855972524, -115.71925321798787 32.76433617010832, -115.71262716825613 32.7642907763419, -115.712649037687 32.75514060067132, -115.71844337006115 32.75513176542987)), ((-115.71506903270671 32.74645433775761, -115.71950066899649 32.74645446438956, -115.71981193498264 32.74592202226968, -115.72678663680281 32.74591322065522, -115.72676480779431 32.756562340226594, -115.71972559839662 32.75652603561963, -115.71971497016646 32.75469415985118, -115.71514381342318 32.75470303006635, -115.71506903270671 32.74645433775761)), ((-115.70638816254304 32.747049746702565, -115.70639869105106 32.75137266109709, -115.71230043804908 32.75138193068455, -115.71225739391193 32.754829259656304, -115.70407011727762 32.75485612816599, -115.70418844709705 32.74704068295324, -115.70638816254304 32.747049746702565)), ((-115.70346947560934 32.74874642579519, -115.6955826419043 32.74878230371631, -115.69561479891189 32.74747367928957, -115.69585096424785 32.74668851083376, -115.70351246557885 32.746652626454946, -115.70346947560934 32.74874642579519)), ((-115.68726630802742 32.7547744397034, -115.68728813757427 32.74662505984718, -115.69528227935893 32.74676970234836, -115.69501391735187 32.747356250857685, -115.69501377857452 32.75082188279854, -115.6958400798568 32.75125504791842, -115.69668767769082 32.75185072921183, -115.69706320739279 32.752455397864246, -115.6971275219456 32.75481982614928, -115.68726630802742 32.7547744397034)), ((-115.68725527667566 32.763004227396024, -115.68724489410738 32.75504516501561, -115.6974494573246 32.755090561284966, -115.69736339931774 32.758727307091554, -115.69767448566238 32.76267969444719, -115.69728811572634 32.76304061795212, -115.68725527667566 32.763004227396024)))","[[[6465959329, 6465959328, 6465959327, 6465959326, 6465959325, 6465959324, 6465959323, 6465959322, 6465959329], [6465959337, 6465959336, 6465959335, 6465959334, 6465959333, 6465959332, 6465959331, 6465959330, 6465959337], [6465959348, 6465959347, 6465959346, 6465959345, 6465959344, 6465959343, 6465959348], [6465959353, 6465959352, 6465959351, 6465959350, 6465959349, 6465959353], [6465959362, 6465959361, 6465959360, 6465959359, 6465959358, 6465959357, 6465959356, 6465959355, 6465959354, 6465959362], [6465959368, 6465959367, 6465959366, 6465959365, 6465959364, 6465959363, 6465959368], [6465959342, 6465959341, 6465959340, 6465959339, 6465959338, 6465959342], [6465959321, 6465959320, 6465959319, 6465959318, 6465959317, 6465959316, 6465959315, 6465959321]]]",,Campo Verde Solar,Southern Power Co,147.4 MW,solar,plant,58467,U.S. Energy Information Administration - EIA-860 - 2021,2013-10,photovoltaic,"[689254694, 689254695, 689254697, 689254698, 689254699, 689254700, 689254696, 689254693]",multipolygon,Q16911917,,,,,,
relation,14180414,,"MULTIPOLYGON (((-115.54085476442917 32.81019633526536, -115.54101979407362 32.81004872592446, -115.5446466143042 32.81005333089225, -115.54469361845491 32.81011753837924, -115.54469479158784 32.81326163868965, -115.54467068680744 32.81329434111803, -115.54463578065888 32.81332254280526, -115.54460087496705 32.813339443413255, -115.54456066887832 32.81334734300887, -115.5440522960658 32.81334392803057, -115.5436754419886 32.813343917167764, -115.54367679028448 32.812153503520626, -115.54181642265124 32.81217035150905, -115.54182308146616 32.813213151288345, -115.54085334204413 32.81321982397283, -115.54085476442917 32.81019633526536)), ((-115.5408078770138 32.809718388267, -115.54076918061993 32.804541392678935, -115.54508149908206 32.80454831760616, -115.54508273345986 32.80617737325131, -115.54498611617903 32.80626197854866, -115.54476888505383 32.80626087218335, -115.54477014037968 32.807371278282595, -115.5446561241086 32.807369074786564, -115.54465472885867 32.80972189947129, -115.5408078770138 32.809718388267)), ((-115.54023917951513 32.81011180944934, -115.5403786958888 32.81020202208653, -115.5403798667235 32.813402427762675, -115.53640559654244 32.81340011296928, -115.53640302926651 32.8101071984279, -115.54023917951513 32.81011180944934)))","[[[6465972083, 6465972082, 6465972081, 6465972080, 6465972079, 6465972078, 6465972077, 6465972076, 6465972075, 6465972074, 6465972073, 6465972072, 6465972071, 6465972070, 6465972069, 6465972083], [6465972488, 6465972487, 6465972486, 6465972485, 6465972084, 6465972488], [6465972068, 6465972067, 6465972066, 6465972065, 6465972064, 6465972063, 6465972062, 6465972061, 6465972060, 6465972068]]]",,Sol Orchard El Centro PV,"Sol Orchard Imperial 1, LLC",20 MW,solar,plant,58621,U.S. Energy Information Administration - EIA-860 - 2020,2013-10,photovoltaic,"[689255858, 689255859, 689255857]",multipolygon,,,,,,,
relation,14297873,,"MULTIPOLYGON (((-115.57328734438435 32.67779359842296, -115.56523869018399 32.6778125693418, -115.56526687182479 32.67088930639393, -115.57332492705895 32.67087593623789, -115.57328734438435 32.67779359842296)), ((-115.60106679810572 32.69346549729081, -115.60910946075083 32.69322720494488, -115.60947352489382 32.700415804404, -115.60924409222054 32.700410197291134, -115.60909566661728 32.70051800336944, -115.60835346087624 32.700500980465975, -115.60833997578182 32.70008083981311, -115.6067476488333 32.700046690901736, -115.60674763244373 32.70045553008405, -115.60129585485731 32.700353163993974, -115.60106679810572 32.69346549729081)), ((-115.60091266950384 32.68614109074528, -115.6044956902826 32.68596327637356, -115.60461910678967 32.68599288274843, -115.60439560122558 32.69281993081958, -115.60431338091762 32.6930325488439, -115.60102990700558 32.69311146229822, -115.60091266950384 32.68614109074528)), ((-115.60070124176694 32.686076878530024, -115.60068896191325 32.693016943465544, -115.60062825047973 32.693085048253344, -115.59224145474036 32.69292009200337, -115.59224146247972 32.69272707350336, -115.59206593959479 32.69267026302542, -115.59221941400655 32.686373263825004, -115.59361151276995 32.68639300562572, -115.59402858543369 32.68607168677849, -115.60070124176694 32.686076878530024)), ((-115.59198039171012 32.693558745729916, -115.59616249261344 32.69352496240055, -115.59638781632108 32.69373938941285, -115.60080604792843 32.693784720414676, -115.60088360086529 32.70022553994424, -115.591778898307 32.70015527213813, -115.59198039171012 32.693558745729916)), ((-115.5917550608588 32.693522535798145, -115.5915803765438 32.69998825043927, -115.58515825783958 32.69993836145064, -115.58518507472294 32.699613331074374, -115.58359434541028 32.69964488846402, -115.58362935430604 32.69705544133191, -115.58243558362868 32.697044105999716, -115.58242763959929 32.693127230404, -115.5899818138029 32.69334416785397, -115.5917550608588 32.693522535798145)), ((-115.58238774097492 32.68546889522111, -115.59194308845714 32.68602242227019, -115.59178989164585 32.69287917513363, -115.58240085830633 32.692565075759326, -115.58238774097492 32.68546889522111)), ((-115.58204873076934 32.691993110841324, -115.58145224556787 32.691985593010784, -115.5814344186733 32.6925924506606, -115.56507956602573 32.6928018014207, -115.56509765305336 32.68571342262518, -115.58202228597868 32.6855340909897, -115.58204873076934 32.691993110841324)), ((-115.58191569952449 32.699775452815274, -115.57352899727721 32.69977521213254, -115.57363617721656 32.69318188341551, -115.58144410302201 32.693017291654556, -115.58142628364041 32.693436831351, -115.58191595172642 32.69348935043089, -115.58191569952449 32.699775452815274)), ((-115.57321772024189 32.69310696422821, -115.5732797606468 32.69979770713472, -115.5684721718082 32.69979006840952, -115.56806260949179 32.69987996526558, -115.5649821673405 32.69989487826021, -115.56487537699978 32.69927301561463, -115.56486659274472 32.696358436108255, -115.5662108863253 32.69633607255561, -115.56618422671256 32.695234666254564, -115.56577466861212 32.69521965305953, -115.56546320606837 32.69317414811317, -115.57321772024189 32.69310696422821)), ((-115.56484735292348 32.66986129579002, -115.56473113365644 32.669926498707994, -115.56473882952703 32.67005701144285, -115.56465361627039 32.670083111500894, -115.56466910881171 32.67032453509388, -115.54754815518487 32.67033704496939, -115.54754824916063 32.66799472040665, -115.56470796058343 32.666677286481324, -115.56484735292348 32.66986129579002)), ((-115.56470249596234 32.67076437822502, -115.56463000132092 32.677853355786674, -115.54759436206506 32.677807262393536, -115.54763335011458 32.67076768870064, -115.56470249596234 32.67076437822502)), ((-115.5517862269196 32.67869906822566, -115.5605373797706 32.67872772216254, -115.56053738318506 32.67864261400429, -115.56466667583247 32.67861993032506, -115.56467991597971 32.685145256180874, -115.56459219885062 32.68525886455225, -115.5605236157747 32.68525874776682, -115.56047646575578 32.683844710887236, -115.55608403721055 32.683821882613614, -115.55609068414843 32.68516781179858, -115.54868902348684 32.68516759925437, -115.5486688518316 32.68438952410926, -115.54766350800006 32.68438379468951, -115.54772432500106 32.681686237909034, -115.54758940589335 32.6816806334976, -115.54761645314933 32.67810829188164, -115.55139489386097 32.678125502013366, -115.55163242544448 32.678186614690375, -115.55179304681036 32.67822772324193, -115.5517862269196 32.67869906822566)))","[[[8332346841, 8332346842, 8332346843, 8332346844, 8332346845, 8332346846, 8332346847, 8332346848, 8332346841], [8332346849, 8332346850, 8379272309, 8332346851, 8332346852, 8332346853, 8332346854, 8332346855, 8332346856, 8332346857, 8332346858, 8332346859, 8332346860, 8332346861, 8332346862, 8332346863, 8332346864, 8332346865, 8332346866, 8332346849], [7087626773, 7087626775, 7087626772, 7087626774, 7087626773], [8332346837, 8332346838, 8332346839, 8332346840, 8332346837], [8332346814, 8332346815, 8332346816, 8332346817, 8332346818, 8332346819, 8332346814], [8332346820, 8332346821, 8332346822, 8332346823, 8332346824, 8332346825, 8332346826, 8332346827, 8332346828, 8332346829, 8332346830, 8332346820], [8332346831, 8332346832, 8332346833, 8332346834, 8332346835, 8332346836, 8332346831], [4196335152, 4196335164, 4196335163, 4196335161, 4196335162, 4196335160, 4196335159, 4196335388, 4196335390, 4196335152], [4196335154, 4196335153, 4196335155, 4196335156, 4196335166, 4196335165, 4196335154], [4196335366, 4196335382, 4196335385, 4196335376, 4196335366], [8332346796, 8332346797, 8332346798, 8332346799, 8332346800, 8332346801, 8332346802, 8332346803, 8332346804, 8332346805, 8332346796], [8332346781, 8332346782, 8332346783, 8332346784, 8332346785, 8332346786, 8332346781], [8332346787, 8332346788, 8332346789, 8332346790, 8332346791, 8332346792, 8332346793, 8332346794, 8332346795, 8332346787]]]",,Mount Signal Solar Farm V,"Imperial Valley Solar 3, LLC",252.3 MW,solar,plant,61202,U.S. Energy Information Administration - EIA-860 - 2021,2018-11,photovoltaic,"[896355490, 896355491, 758867895, 896355489, 896355486, 896355487, 896355488, 419597385, 419597379, 419597375, 896355484, 896355482, 896355483]",multipolygon,,,,,,,
relation,14297874,,"MULTIPOLYGON (((-115.63513482262574 32.67747823998558, -115.63517226606821 32.67152426990955, -115.63534739114384 32.67152507499671, -115.63535051092681 32.671041428687076, -115.6436241956418 32.67107946898527, -115.64358273240511 32.677516285310226, -115.63513482262574 32.67747823998558)), ((-115.63447502863939 32.68496283895017, -115.62609862860964 32.68493699670735, -115.62612830708781 32.678083840324426, -115.63330633535774 32.678105847864494, -115.6333014909503 32.67919875255189, -115.63450036269283 32.67920258722571, -115.63447502863939 32.68496283895017)), ((-115.63446981635366 32.670248727443365, -115.63329274758208 32.67024919381413, -115.63329284441322 32.670328801454176, -115.63300060249989 32.67032919313093, -115.6330004054505 32.67025468597736, -115.6253588092371 32.67027216900002, -115.62535920448616 32.670392380543255, -115.62227956266355 32.67040079321107, -115.622255856273 32.67047559970856, -115.61864523668845 32.67052540113587, -115.6185740296736 32.670445591441776, -115.61839000388572 32.670430784753506, -115.61840811287895 32.670270869932104, -115.61832510437242 32.670186059420445, -115.61749248515383 32.67018263525697, -115.61751524732153 32.66621015482989, -115.61827775650113 32.6662131769455, -115.61837267329872 32.666133372006165, -115.61837864042695 32.664476313202485, -115.61827782996846 32.66437650074113, -115.6179399815375 32.66437659107996, -115.6179391397143 32.66291885119788, -115.62572177879493 32.66233101750643, -115.6344650322889 32.662327367270414, -115.63446981635366 32.670248727443365)), ((-115.6174330237096 32.68150091909114, -115.61742735000716 32.6783251143705, -115.6175994746911 32.67832491928027, -115.617599571563 32.67840342681222, -115.61767958303751 32.678403329093825, -115.61767919198313 32.678178407511766, -115.6255369189717 32.67816703137565, -115.6257466160774 32.68149005607664, -115.6174330237096 32.68150091909114)), ((-115.61666082053559 32.67131742029985, -115.61666852655627 32.67369384846258, -115.61640816161147 32.67438410721347, -115.61640673759412 32.6774780039051, -115.60893496657185 32.677475589695725, -115.60874220524288 32.67332108573938, -115.60900264257086 32.67332119320844, -115.60908725754993 32.67324998880251, -115.60908533472619 32.671314803138664, -115.60998276339252 32.67131412877362, -115.60998276646677 32.671237321406664, -115.61022910178485 32.67123712844229, -115.61022919851679 32.67131913631093, -115.61497607909148 32.67131587191753, -115.61497588257267 32.67122816349892, -115.615277125775 32.671227672076526, -115.61527742210008 32.67132058099684, -115.61666082053559 32.67131742029985)), ((-115.59585964236821 32.67123141629087, -115.6076385279457 32.67129966025213, -115.6076390307356 32.67123175375334, -115.60834083101088 32.67123977462129, -115.60866312699105 32.67749088337617, -115.59574557854964 32.67741070559845, -115.59570132277646 32.671154004330404, -115.59586074565789 32.671153208821984, -115.59585964236821 32.67123141629087)), ((-115.5912338706594 32.67144920462474, -115.59512012937286 32.671406311874875, -115.5952119022192 32.677406589909815, -115.59379529943587 32.67739994867477, -115.59150977227486 32.67738918213696, -115.59128496109291 32.67436758595361, -115.5912338706594 32.67144920462474)))","[[[8332327632, 8332327633, 8332327634, 8332327635, 8332327636, 8332327637, 8332327632], [8332327674, 8332327675, 8332327697, 8332327676, 8332327677, 8332327678, 8332327679, 8332327680, 8332327681, 8332327682, 8332327683, 8332327684, 8332327685, 8332327686, 8332327687, 8332327688, 8332327689, 8332327690, 8332327691, 8332327692, 8332327693, 8332327694, 8332327695, 8332327696, 8332327674], [8332327638, 8332327639, 8332327640, 8332327641, 8332327642, 8332327643, 8332327644, 8332327645, 8332327646, 8332327647, 8332327648, 8332327649, 8332327650, 8332327651, 8332327652, 8332327653, 8332327654, 8332327638], [8332346720, 8332346721, 8332346722, 8332346723, 8332346724, 8332346725, 8332346726, 8332346727, 8332346720], [8332346728, 8332346729, 8332346730, 8379297569, 8332346731, 8332346732, 8332346728], [8332327655, 8332327656, 8332327657, 8332327658, 8332327659, 8332327660, 8332327661, 8332327662, 8332327655], [8332327622, 8332327623, 8332327624, 8332327625, 8332327626, 8332327627, 8332327622]]]",,Mount Signal Solar Farm II,"Imperial Valley Solar 2, LLC",153.5 MW,solar,plant,61353,U.S. Energy Information Administration - EIA-860 - 2021,2020-01,photovoltaic,"[896354048, 896354052, 896354049, 896355475, 896355476, 896354050, 896354046]",multipolygon,,,,,,,
relation,14297878,,"MULTIPOLYGON (((-115.62367751052884 32.681712218148625, -115.62370199278655 32.68474190938446, -115.62383930733483 32.68487032563001, -115.62383959836615 32.685095447225585, -115.61854453893868 32.68510139617551, -115.61843772722412 32.68501148449531, -115.61823939878929 32.68501147881514, -115.61813257961872 32.685107784990585, -115.61766721264183 32.6851141722758, -115.61755280086285 32.68499865792297, -115.61752712735297 32.681746945378634, -115.62367751052884 32.681712218148625)), ((-115.61693372819906 32.667104323964836, -115.6169810081819 32.670273929372065, -115.61685768411402 32.6704336411617, -115.60874871791475 32.67052921814867, -115.60849269112214 32.67028168707428, -115.60851185392127 32.66378256419035, -115.60876799925626 32.663567050849174, -115.60970694405574 32.66331155322104, -115.61269447257841 32.663303637991255, -115.61278928265546 32.663391449129854, -115.612779636264 32.66701639660821, -115.61290295010653 32.66711220932987, -115.61693372819906 32.667104323964836)), ((-115.61684835880436 32.68602423608585, -115.61685421233692 32.687205749539245, -115.61695412666208 32.687205752401155, -115.61712430081104 32.690957917016746, -115.61580851333906 32.69092827648532, -115.61573220576263 32.69084426624542, -115.61560880133455 32.6905130309548, -115.61169116220135 32.68745282533813, -115.6116895628612 32.68743062316366, -115.61157371208415 32.685786762235075, -115.61355909929499 32.68572261295522, -115.61357079800479 32.68579672039585, -115.6156383972068 32.685727572986785, -115.61579111712426 32.68577698209837, -115.61602604229262 32.68598960921418, -115.61616706132152 32.68601931610147, -115.61684835880436 32.68602423608585)), ((-115.60897864379342 32.67820096050857, -115.61664344917843 32.67803646424188, -115.61689307405345 32.678309097536136, -115.6169132621521 32.68117717316142, -115.61687274565881 32.68144409759803, -115.61685229563376 32.68511844934763, -115.61053688134083 32.68533968966836, -115.6105708133234 32.68216518625515, -115.61046282058246 32.68159722870084, -115.61000409029378 32.68071123060202, -115.60961955676721 32.68017176785723, -115.60916072396546 32.67934817573727, -115.60897864379342 32.67820096050857)), ((-115.60819864066445 32.67048929856684, -115.60048793130173 32.670592887649896, -115.59566994714815 32.670433034286, -115.59566078237121 32.664524767334576, -115.6019583028159 32.66407780484451, -115.60813248613145 32.66411788549655, -115.60819864066445 32.67048929856684)), ((-115.6049869179829 32.687029792699235, -115.60948847219807 32.68680880048905, -115.61330039338188 32.689938209719564, -115.61503897315826 32.69167342587782, -115.61500373088444 32.69260271395566, -115.60941772185245 32.69280527333163, -115.60941181902679 32.692854677898424, -115.60521200955812 32.693037475070135, -115.6049869179829 32.687029792699235)), ((-115.59510509581128 32.66469766800023, -115.59513587348177 32.67036111208567, -115.59505835976128 32.670426316118196, -115.59117540638617 32.67034789733135, -115.5825257701644 32.67026284125764, -115.58246394817158 32.665597792092385, -115.58255696698902 32.66546078161803, -115.59440769869083 32.66462704124609, -115.59498108247816 32.66458675380841, -115.59510509581128 32.66469766800023)))","[[[8332327663, 8332327664, 8332327665, 8332327666, 8332327667, 8332327668, 8332327669, 8332327670, 8332327671, 8332327672, 8332327673, 8332327663], [8332346741, 8332346742, 8332346743, 8332346744, 8332346745, 8332346746, 8332346747, 8332346748, 8332346749, 8332346750, 8332346751, 8332346752, 8332346741], [8332346757, 8332346758, 8332346759, 8332346760, 8332346761, 8332346762, 8332346763, 8332346764, 8332346780, 8332346765, 8332346766, 8332346767, 8332346768, 8332346769, 8332346770, 8332346771, 8332346757], [8332346772, 8332346773, 8332346774, 8332346775, 8332346776, 8332346777, 8332346778, 8332346779, 8332346772], [8332284602, 8332284603, 8332284604, 8332284605, 8332284606, 8332284607, 8332284608, 8332284609, 8332284610, 8332284611, 8332284612, 8332284613, 8332284602], [8332284614, 8332284615, 8332284616, 8332346717, 8332346718, 8332346719, 8332284614], [8332346733, 8332346734, 8379297570, 8332346735, 8332346736, 8332346737, 8332346738, 8332346739, 8332346740, 8332346733]]]",,Wistaria Ranch Solar,Consolidated Edison Development Inc.,106.7 MW,solar,plant,61750,U.S. Energy Information Administration - EIA-860 - 2021,2018-12,photovoltaic,"[896354051, 896355478, 896355480, 896355481, 896355473, 896355474, 896355477]",multipolygon,,,,,,,
relation,14297879,,"MULTIPOLYGON (((-115.66192042770902 32.67837509202212, -115.66450649875979 32.678370665510236, -115.66565989994871 32.67997845272234, -115.66565981387971 32.68213255937178, -115.6669582006382 32.68211899517905, -115.66698500507117 32.68460723463947, -115.66535396103772 32.68486001226758, -115.66187196308623 32.684823809259704, -115.66192042770902 32.67837509202212)), ((-115.65292844814148 32.67812651111515, -115.66129274689551 32.67814475198286, -115.6612710617451 32.68520312846558, -115.65284765478432 32.685175784988914, -115.65292844814148 32.67812651111515)), ((-115.65240236944253 32.685713123791885, -115.65251199319079 32.693014727168546, -115.65266760910191 32.693174946983824, -115.65288735000954 32.70043984985458, -115.64505682542715 32.700475729228074, -115.64485830364214 32.70030860752491, -115.64439183972378 32.692736768203886, -115.63523883614435 32.69251068457734, -115.6352766203578 32.685543317558306, -115.65240236944253 32.685713123791885)), ((-115.65234896648724 32.678090391081, -115.6522735755262 32.68509896120266, -115.63822756201856 32.6850805576256, -115.6382114999961 32.6840735605913, -115.63504604736285 32.68404186696951, -115.6351482022503 32.67803569383871, -115.65234896648724 32.678090391081)), ((-115.64477616351456 32.70101687307374, -115.64476517892327 32.70808695047902, -115.64054817549885 32.70805072628447, -115.6365351181431 32.70509802837753, -115.63620248634281 32.704700780777316, -115.63612741932769 32.703608173899624, -115.63615972917118 32.700980522947035, -115.64477616351456 32.70101687307374)), ((-115.64463836432412 32.70050281984918, -115.63623646039593 32.70047547672972, -115.63545338847925 32.69447037861148, -115.63663905851264 32.694470412554075, -115.63659081972182 32.69276814796154, -115.64412359294326 32.692944480445206, -115.64463836432412 32.70050281984918)), ((-115.62614781185853 32.68553175514835, -115.63451751250454 32.6855183934432, -115.63449050517855 32.69060298024063, -115.6265231607173 32.69065235688604, -115.62614781185853 32.68553175514835)), ((-115.61741865523618 32.68565791729474, -115.6258258647926 32.68555434809773, -115.62618510880885 32.690738155432946, -115.61781010650775 32.69077401902974, -115.61741865523618 32.68565791729474)))","[[[4196335368, 4196335378, 4196335377, 4196335367, 4196335368], [4196335373, 4196335380, 4196335379, 4196335371, 4196335373], [4196335171, 4196335169, 4196335157, 4196335158, 4196335384, 4196335386, 4196335171], [4196335375, 4196335387, 4196335389, 4196335168, 4196335170, 4196335167, 4196335383, 4196335381, 4196335370, 4196335375], [4196335343, 4196335359, 4196335360, 4196335358, 4196335352, 4196335353, 4196335347, 4196335342, 4196335343], [4196335339, 4196335340, 4196335365, 4196335364, 4196335339], [4196335338, 4196335363, 4196335362, 4196335355, 4196335354, 4196335337, 4196335338], [6465959375, 6465959374, 6465959373, 6465959372, 6465959371, 6465959370, 6465959369, 6465959375]]]",,Centinela Solar Energy,"CD Arevon USA, Inc.",174.8 MW,solar,plant,58430,U.S. Energy Information Administration - EIA-860 - 2021,2013-07,photovoltaic,"[419597373, 419597374, 419597380, 419597386, 419597384, 419597372, 419597381, 689254701]",multipolygon,Q5060157,,,,,,
way,315098441,,"POLYGON ((-115.57442872139661 33.21161754325849, -115.57442595079267 33.208464245188544, -115.57442566405086 33.208141114642636, -115.57327659836115 33.208141781275955, -115.56755847430922 33.20813411417165, -115.5675559425464 33.211325515673785, -115.5677812661568 33.21154104259688, -115.57442872139661 33.21161754325849))","[3211891464, 2302141139, 2302141123, 2302141121, 3211891469, 3211891478, 3211891477, 3211891464]",industrial,John L. Featherstone Plant,Hudson Ranch Power I LLC,55 MW,geothermal,plant,57475,Bing,2012-03,,,,,,,,,,
way,964189672,,"POLYGON ((-115.61909496809264 33.17006471139435, -115.61905029115904 33.17178367277445, -115.61110484390873 33.171828946504164, -115.61107691226053 33.170064578731136, -115.61909496809264 33.17006471139435))","[9849124044, 8918467793, 8918467794, 9849124045, 9849124044]",industrial,Del Ranch Company,CalEnergy Operating Corporation,45.5 MW,geothermal,plant,10632,U.S. Energy Information Administration - EIA-860 - 2021,1988-10,,,,,,,,,,
way,964189673,,"POLYGON ((-115.60200090711604 33.18460499091308, -115.5977986019474 33.18458936738096, -115.59775223320779 33.1836654786473, -115.59687090775331 33.183626649374816, -115.59679672799308 33.1828734759794, -115.6020473865049 33.182834824822606, -115.60200090711604 33.18460499091308))","[8918467797, 8918467798, 8918467799, 8918467800, 8918467801, 8918467802, 8918467797]",industrial,Elmore Company,CalEnergy Operating Corporation,45.5 MW,geothermal,plant,10634,U.S. Energy Information Administration - EIA-860 - 2021,1988-11,,,,,,,,,,
way,964189674,,"POLYGON ((-115.56298353783161 33.185704760872056, -115.55909627700616 33.18571914915028, -115.55906147821106 33.18313690397315, -115.55946244889613 33.18282328598212, -115.56307947046245 33.18281609051351, -115.56298353783161 33.185704760872056))","[8918467803, 8918467804, 8918467805, 8918467806, 8918467807, 8918467803]",industrial,CE Leathers,CalEnergy Operating Corporation,45.5 MW,geothermal,plant,10631,U.S. Energy Information Administration - EIA-860 - 2021,1989-11,,,,,,,,,,
way,1073692890,,"POLYGON ((-115.62240533193139 33.05053087615133, -115.62568880354573 33.05055797366059, -115.62569423035478 33.049919313174684, -115.62617709987303 33.049919327136124, -115.62616103641226 33.04896593614197, -115.62576937984304 33.04897042524546, -115.62562985572137 33.04906943061295, -115.6256191481358 33.04921774438666, -115.62553323595066 33.04921324147531, -115.62553324181214 33.04906942781953, -115.6253830247708 33.04895691279268, -115.6224107972401 33.04894782599578, -115.62240533193139 33.05053087615133))","[9849123957, 9849123956, 9849123955, 9849123954, 9849123953, 9849123952, 9849123951, 9849123950, 9849123949, 9849123948, 9849123947, 9849123946, 9849123957]",,Valencia 1 Solar,ZGlobal Inc,3 MW,solar,plant,61418,U.S. Energy Information Administration - EIA-860 - 2021,2017-09,,,,,,,,,,
way,1073692897,fence,"POLYGON ((-115.53317235715456 33.16103446028639, -115.54066213588878 33.1610391786803, -115.54102158139014 33.161191903586285, -115.54117720325344 33.16120540939172, -115.54111792598 33.16774022581446, -115.54086298906672 33.16774471882082, -115.54086568613165 33.167825526542444, -115.53377026317709 33.16784382176678, -115.53311296841756 33.16784550279283, -115.53311608318542 33.16749746996709, -115.53317235715456 33.16103446028639))","[9849124005, 9849124004, 9849124003, 9849124002, 9849124001, 9849124000, 9849123999, 9849123995, 9849123998, 9849123997, 9849124005]",,Midway Solar Farm III,Greenbacker Renewable Energy Corporation,20 MW,solar,plant,60315,U.S. Energy Information Administration - EIA-860 - 2021,2018-09,,,,,,,,,,
way,1073692902,,"POLYGON ((-115.61107691226053 33.170064578731136, -115.6110505766972 33.168401120546235, -115.6191387435409 33.16837865309438, -115.61909496809264 33.17006471139435, -115.61107691226053 33.170064578731136))","[9849124045, 8918467795, 8918467796, 9849124044, 9849124045]",industrial,Vulcan-BN Geothermal Power Company,CalEnergy Operating Corporation,39.6 MW,geothermal,plant,50210,U.S. Energy Information Administration - EIA-860 - 2021,1985-12,,,,,,,,,,
relation,14297876,,"MULTIPOLYGON (((-115.54909526517949 33.18257346071636, -115.54152237487708 33.18255073814954, -115.54150384644713 33.17588680750141, -115.54867708000624 33.17588701627191, -115.54928312107538 33.18187289994294, -115.54903098400176 33.18189089430686, -115.54909526517949 33.18257346071636)), ((-115.54150955247582 33.1684678060279, -115.541737488272 33.1683959058602, -115.54193331805234 33.168357807955296, -115.54979334946336 33.168382738998275, -115.54970329136904 33.17434330013877, -115.54943495288983 33.174338791905114, -115.54943232046251 33.175117965517174, -115.54152798179868 33.17511213494716, -115.54150955247582 33.1684678060279)), ((-115.54113106969729 33.174016319767205, -115.54105325377026 33.174130928340716, -115.54019753057426 33.17412860321488, -115.54018138953937 33.17506939171173, -115.53486982639524 33.17501763220052, -115.534867153364 33.17435296927105, -115.53275595003318 33.17433270589101, -115.53272938858146 33.16844284812222, -115.53279910268995 33.16834404080675, -115.54098107938731 33.16839368363861, -115.54108829030815 33.16850369716385, -115.54116877779819 33.169089754936444, -115.54113106969729 33.174016319767205)))","[[[9849123963, 9849123965, 9849123964, 8632244505, 9849123978, 9849123977, 9849123976, 9849123980, 9849123981, 9849123972, 9849123971, 9849123960, 9849123963], [9849123968, 9849123969, 9849123970, 8632244502, 9849123967, 9849123966, 8632244503, 8632244504, 9849123968], [8632244506, 9849123962, 9849123961, 8632244507, 8632244508, 8632244509, 8632244506]]]",,Midway Solar Farm 1,"83WI 8ME, LLC",50 MW,solar,plant,60336,U.S. Energy Information Administration - EIA-860 - 2021,2018-01,photovoltaic,"[931029270, 1073692891, 931029271]",multipolygon,,,,,,,
relation,14297880,,"MULTIPOLYGON (((-115.64495069847834 33.167557823806845, -115.6428700996472 33.16752966084397, -115.64283686370347 33.160965438433244, -115.6447608399321 33.160993596847696, -115.6450148587284 33.16142894542717, -115.64495069847834 33.167557823806845)), ((-115.63613754213989 33.157443410818075, -115.63612801044884 33.16062521179547, -115.63301386178215 33.160618620904714, -115.63302339348523 33.157436919944395, -115.63613754213989 33.157443410818075)), ((-115.63397818962572 33.16089137468065, -115.63595257453574 33.160884531261814, -115.63642344208893 33.160892545668375, -115.63653475615759 33.16094085346828, -115.6365347058777 33.16216816966179, -115.6365159024336 33.16218607081151, -115.63653054631274 33.16360760581347, -115.63651454248557 33.16364470886208, -115.63650509609278 33.16474391264679, -115.63630516722438 33.16474500695502, -115.63631456080208 33.16493482519654, -115.63418325339869 33.16493816372905, -115.63404382535013 33.16269134698929, -115.63406133026639 33.16263294196758, -115.63397818962572 33.16089137468065)))","[[[4356726887, 4356726898, 4356726899, 4356726909, 4356726908, 4356726907, 4356726906, 4356726903, 4356726902, 4356726895, 4356726894, 4356726889, 4356726888, 4356726886, 4356726887], [4356726860, 4356726859, 4356726879, 4356726880, 4356726860], [8918467788, 8918467789, 8918467790, 8918467791, 8918467792, 8918467788]]]",industrial,Salton Sea Power,CalEnergy Operating Corporation,189.7 MW,geothermal,plant,10879;10878;54996;10759;55983,U.S. Energy Information Administration - EIA-860 - 2021,1982-07,,"[437894424, 437894425, 964189671]",multipolygon,,,,,,,
way,166649173,,"POLYGON ((-115.49610326895066 33.24943453027806, -115.49442802735956 33.24943698156568, -115.49441275239604 33.24877861901074, -115.4960910950695 33.24876076635994, -115.49610326895066 33.24943453027806))","[1780917778, 1780917780, 1780917770, 1780917768, 1780917778]",industrial,Niland Gas Turbine Plant,Imperial Irrigation District,121 MW,gas,plant,56569,U.S. Energy Information Administration - EIA-860 - 2021,2008-06,combustion,,,,,IID,Q16985775,,,
way,917201159,,"POLYGON ((-115.48991263516369 33.25526749959882, -115.48995070918757 33.248778988669464, -115.49047350215746 33.248353363794195, -115.49423554468069 33.24834767317822, -115.49424916954189 33.250211249381366, -115.49788729235856 33.25025075939838, -115.49777947068702 33.25523272620369, -115.48991263516369 33.25526749959882))","[9849124016, 8519092428, 8519092429, 8519092430, 8519092431, 8519092432, 9849124015, 9849124016]",,Imperial Valley Solar Company 1 LLC,Imperial Irrigation District,23 MW,solar,plant,58062,U.S. Energy Information Administration - EIA-860 - 2021,2012-06,photovoltaic,,,,,IID,Q16985775,,,
way,931029265,fence,"POLYGON ((-115.49681003649688 33.15334697418204, -115.4980118091315 33.15335711015933, -115.49805767341026 33.14709751936078, -115.49664396967184 33.14710197859536, -115.49663058031967 33.146796449301036, -115.48971488616658 33.14675804415223, -115.48976282115675 33.15336137016073, -115.49681003649688 33.15334697418204))","[8632244463, 8632244464, 9849123958, 9849123959, 8632244465, 8632244466, 8632244467, 8632244463]",,Calipatria Solar Farm,Southern Power Co,20 MW,solar,plant,59088,U.S. Energy Information Administration - EIA-860 - 2021,2016-02,photovoltaic,,,,,,,,,
way,964177732,,"POLYGON ((-115.54031360611746 33.02143383655193, -115.53303045865063 33.021432925314755, -115.53303080261658 33.02035772322652, -115.53596632477597 33.020358508411704, -115.53596666146781 33.019461223213426, -115.54031398669264 33.01946184929513, -115.54031360611746 33.02143383655193))","[8918342269, 8918342270, 8918342271, 8918342272, 8918342273, 8918342274, 8918342269]",industrial,North Brawley Geothermal Plant,Ormat,80 MW,geothermal,plant,56832,U.S. Energy Information Administration - EIA-860 - 2021,2009-10,,,,,,,,,,
way,1033095256,fence,"POLYGON ((-115.48991125863206 33.174811902728074, -115.4899468489106 33.170320479180766, -115.49384060879459 33.17034209476084, -115.49380511855868 33.174833518324526, -115.48991125863206 33.174811902728074))","[9518169079, 9518169078, 9518169077, 9518169076, 9518169079]",,Calipatria State Prison,"Ecoplexus, Inc",6 MW,solar,plant,64521,U.S. Energy Information Administration - EIA-860 - 2021,2019-12,photovoltaic,,,,,,,,,
way,1073692900,,"POLYGON ((-115.49777947068702 33.25523272620369, -115.49762565455453 33.262335291591555, -115.49359537421097 33.262317972171566, -115.49269846373933 33.261863003051396, -115.48988836050779 33.259401988826546, -115.48991263516369 33.25526749959882, -115.49777947068702 33.25523272620369))","[9849124015, 8519092425, 8519092426, 10674171035, 8519092427, 9849124016, 9849124015]",,Imperial Valley Solar Co 2,Onward Energy,20 MW,solar,plant,59657,U.S. Energy Information Administration - EIA-860 - 2021,2015-06,photovoltaic,,,,,,,,,
relation,14180413,,"MULTIPOLYGON (((-115.47159391603206 33.14581862700965, -115.4715995575534 33.13997517441349, -115.46482868317169 33.13996937640966, -115.46481386429295 33.1428029440146, -115.46447451544624 33.14280293411527, -115.46446899066648 33.14581171854213, -115.47159391603206 33.14581862700965)), ((-115.46394061566119 33.153064389028486, -115.46394804832573 33.14744595791062, -115.47107167353136 33.14745256632513, -115.47106434095058 33.15307089746743, -115.46394061566119 33.153064389028486)), ((-115.45533447705981 33.15305723720349, -115.4553427100585 33.147435405824865, -115.46287809450095 33.14744122624851, -115.46286586104485 33.15306185742973, -115.45533447705981 33.15305723720349)), ((-115.44467124392342 33.17481658259101, -115.4378896677977 33.17481128392867, -115.43789590109256 33.1691852524869, -115.44467747715603 33.16919055111969, -115.44467124392342 33.17481658259101)), ((-115.44665802974964 33.17482194114236, -115.4538902702967 33.174840154118655, -115.45397078244649 33.174826655194465, -115.454043196395 33.17474134924806, -115.45403673067615 33.1690435105771, -115.45400862871891 33.168992904973564, -115.45394152104684 33.16894469845773, -115.44666767457903 33.16892648429922, -115.44661536588814 33.16895458542708, -115.44655905541951 33.16901178918848, -115.4465816207436 33.17477363434544, -115.44660502283664 33.174804537949306, -115.44665802974964 33.17482194114236)), ((-115.44518681208488 33.18222579769446, -115.43786025692071 33.182232284180884, -115.43785231614373 33.17593138867001, -115.44387388329785 33.1759260641288, -115.44387823899794 33.17943439573571, -115.44518332695424 33.179433233761145, -115.44518681208488 33.18222579769446)), ((-115.47171753847653 33.087366997415735, -115.46394692235083 33.087324867127805, -115.46399717699387 33.08130299807853, -115.47108409526948 33.08133110709713, -115.47106736718915 33.08439099653286, -115.47168425593154 33.08439101449572, -115.47171753847653 33.087366997415735)), ((-115.4716820370921 33.09457797947092, -115.46390491782336 33.09458735382874, -115.46391666092978 33.088713597801636, -115.4716937781558 33.08875212794631, -115.4716820370921 33.09457797947092)), ((-115.46265834636573 33.094395699360255, -115.45529288836543 33.09435718109909, -115.45531602728681 33.08862703904337, -115.46122897666422 33.088656014056724, -115.46127456861528 33.09144437950796, -115.46262416197294 33.09146362064695, -115.46265834636573 33.094395699360255)))","[[[8684890974, 8684890975, 8684890976, 8684890977, 8684890978, 8684890979, 8684890974], [8684864429, 8684864430, 8684864431, 8684864432, 8684864433, 8684864434, 8684864429], [8684864425, 8684864426, 8684864427, 8684864428, 8684864425], [7903377628, 7903377627, 7903377626, 7903377625, 7903377624, 7903377623, 7903377628], [7903377693, 7903377692, 7903377691, 7903377690, 7903377693], [7903377697, 7903377696, 7903377695, 7903377694, 7903377697], [7903623899, 7903623898, 7903623897, 7903623896, 7903623899], [7903377758, 7903377757, 7903377756, 7903377755, 7903377754, 7903377753, 7903377752, 7903377751, 7903377750, 7903377749, 7903377748, 7903377747, 7903377758], [7903623905, 7903623904, 7903623903, 7903623902, 7903623901, 7903623900, 7903623905]]]",,Solar Gen 2 Solar Facility,Southern Power Co,163.2 MW,solar,plant,58592,U.S. Energy Information Administration - EIA-860 - 2020,2014-11,photovoltaic,"[937323225, 937321850, 937321849, 846976432, 846976437, 846976438, 847004282, 846976444, 847004283]",multipolygon,,,,,,,
relation,14297875,,"MULTIPOLYGON (((-115.43742468947697 33.204111237665195, -115.43708394021864 33.204115728122915, -115.43678350466115 33.2039294017446, -115.43644955665987 33.20392719176846, -115.43627254579589 33.203573653213425, -115.43559384842906 33.203564632510506, -115.43342231372621 33.20167909097567, -115.43202750862581 33.199364731664744, -115.43204494025251 33.19866096572555, -115.4319671315556 33.19860035772704, -115.43197123521243 33.19852625084987, -115.43204894891035 33.198465647400766, -115.43204367410506 33.197838288010274, -115.43211608699401 33.19777878450982, -115.43412397784621 33.197737239313426, -115.43655712979582 33.197699206880266, -115.43743436252613 33.19754431790772, -115.43742468947697 33.204111237665195)), ((-115.42840479954214 33.196643868790424, -115.42739345447322 33.19663043793739, -115.42465324388789 33.19460096614468, -115.42018553704172 33.191304124122915, -115.42018558655437 33.19010761113581, -115.42836616403125 33.190115651194326, -115.42840479954214 33.196643868790424)))","[[[9518284086, 9518284085, 9518284084, 9518284083, 9518284082, 9518284081, 9518284080, 9518284079, 9518284078, 9518284077, 9518284076, 9518284075, 9518284074, 9518284073, 9518284072, 9518284071, 9518284070, 9518284086], [9518284092, 9518284091, 9518284090, 9518284089, 9518284088, 9518284087, 9518284092]]]",,Citizens Imperial Solar,Citizens Enterprises Corporation,30 MW,solar,plant,62052,U.S. Energy Information Administration - EIA-860 - 2021,2019-08,photovoltaic,"[1033106063, 1033106064]",multipolygon,,,,,,,
relation,14297877,,"MULTIPOLYGON (((-115.5323696866214 33.17452131247982, -115.53045161065815 33.174512255776484, -115.53043818432074 33.175105111444786, -115.52420648609224 33.17511613101154, -115.52420006178279 33.1683965954182, -115.53234573386786 33.16842933567604, -115.53238333374158 33.16856404951125, -115.5323696866214 33.17452131247982)), ((-115.52422438936304 33.16781164080717, -115.52420546075332 33.1611504102379, -115.53229672558392 33.16116664730607, -115.53237295858665 33.1679238886651, -115.52422438936304 33.16781164080717)))","[[[8632244496, 8632244497, 8632244498, 8632244499, 8632244496], [9849123975, 9849123974, 9849123973, 8632244500, 8632244501, 9849123982, 9849123979, 9849123975]]]",,Midway Solar Farm II,Dominion Renewable Energy,30 MW,solar,plant,60237,U.S. Energy Information Administration - EIA-860 - 2021,2017-05,photovoltaic,"[931029269, 1073692892]",multipolygon,,,,,,,
way,90915140,,"POLYGON ((-115.54035981015996 32.809781781406755, -115.54053812552668 32.80260900143347, -115.53223103209984 32.802648365762686, -115.53223074431592 32.80976834577797, -115.54035981015996 32.809781781406755))","[1055476714, 1055476110, 1055475925, 1055476792, 1055476714]",industrial,El Centro Power Plant,Imperial Irrigation District,388.3 MW,gas,plant,389,U.S. Energy Information Administration - EIA-860 - 2021,1952-08,combustion,,,,,IID,Q16985775,combined_cycle,,
way,192558741,,"POLYGON ((-115.51620199520801 32.72179247293163, -115.5161585801819 32.72201109260682, -115.51607256410453 32.72210419904249, -115.51329156496506 32.72211832034362, -115.51319532620576 32.71528836381578, -115.513206729672 32.71524285978798, -115.5132394355186 32.71521405797215, -115.51331914732829 32.71520445934747, -115.51384592305588 32.71519857394503, -115.51620199520801 32.72179247293163))","[2031074759, 8918398904, 2031074767, 2031074770, 2031074683, 2031074682, 2031074681, 2031074680, 2031074679, 2031074759]",industrial,Heber 1 Geothermal Plant,Ormat,81.5 MW,geothermal,plant,54689,U.S. Energy Information Administration - EIA-860 - 2021,1985-06,,,,,,,,,,
way,429981166,fence,"POLYGON ((-115.25393802701363 32.82275431461625, -115.25344665664174 32.822754600314234, -115.25293748371683 32.82275498550224, -115.25293710058986 32.82234104606363, -115.25159240800456 32.82234200693979, -115.2515907768364 32.82065314602658, -115.25488194818273 32.82065094178926, -115.25488357935981 32.82233980270683, -115.25393764388602 32.82234037517729, -115.25393802701363 32.82275431461625))","[4291963371, 4291963372, 4291963373, 4291963363, 4291963364, 4291963354, 4291963353, 4291963360, 4291963361, 4291963371]",industrial,Ormesa I,Ormat Nevada Inc,26.4 MW,geothermal,plant,50766,U.S. Energy Information Administration - EIA-860 - 2020,1986-12,,,,,,,,,,
way,607132293,,"POLYGON ((-115.2607006292893 32.78274899904124, -115.2591715103273 32.78275125472344, -115.25919027058761 32.78379095441044, -115.25860278806601 32.783752533636324, -115.25855722304769 32.78273543532419, -115.25810657023277 32.78244899488509, -115.25812002535133 32.78114537096598, -115.26054237123405 32.78116574345392, -115.26055045914303 32.781490474656195, -115.26071948333586 32.78149047957889, -115.2607006292893 32.78274899904124))","[5754581953, 5754581952, 5754581951, 5754581950, 5754581949, 5754581948, 5754581947, 5754581946, 5754581945, 5754581944, 5754581953]",industrial,Geo East Mesa II and Ormesa III,Ormat Nevada Inc,67.2 MW,geothermal,plant,54038;10763,U.S. Energy Information Administration - EIA-860 - 2020,1989-04,,,,,,,,,,
way,931590517,,"POLYGON ((-115.53480235465224 32.72195542370308, -115.53078117552033 32.722023514556014, -115.53065803846567 32.7150505434695, -115.5346966135191 32.7151446686258, -115.53480235465224 32.72195542370308))","[8636614067, 8636614066, 8636614064, 8636614062, 8636614067]",industrial,Heber 2 Geothermal Plant,Ormat,80 MW,geothermal,plant,54111,U.S. Energy Information Administration - EIA-860 - 2021,1993-06,,,,,,,,,Second Imperial Geothermal,
way,964185965,,"POLYGON ((-115.53904065993537 32.72201135094744, -115.53480235465224 32.72195542370308, -115.5346966135191 32.7151446686258, -115.53873609459838 32.71509267979991, -115.5388509080623 32.71516709022568, -115.53885528446605 32.715769348016096, -115.53891278732601 32.715903162481695, -115.53904065993537 32.72201135094744))","[8918398897, 8636614067, 8636614062, 8918398900, 8918398901, 8918398902, 8918398903, 8918398897]",industrial,Heber Solar,Axium US Solar Holdings LLC,10.9 MW,solar,plant,58398,U.S. Energy Information Administration - EIA-860 - 2020,2014-05,,,,,,,,,,
way,1073692869,,"POLYGON ((-115.38813346682835 32.67931571371627, -115.38862403885611 32.679270623575476, -115.38860894952121 32.67895309274429, -115.38808817403573 32.67897677996371, -115.38813346682835 32.67931571371627))","[2045550074, 9849088310, 9849088309, 2045550059, 2045550074]",industrial,Drop 5,Imperial Irrigation District,4 MW,hydro,plant,314,U.S. Energy Information Administration - EIA-860 - 2021,1982-03,,,,,,IID,Q16985775,,,dam
way,1073692874,,"POLYGON ((-115.27917580458998 32.70581769219655, -115.27924601711858 32.70575648838636, -115.27883627204679 32.70542324463894, -115.27876605952231 32.70548434843958, -115.27917580458998 32.70581769219655))","[9849123829, 9849123828, 9849123827, 9849123826, 9849123829]",industrial,East Highline Power Plant,Imperial Irrigation District,2.4 MW,hydro,plant,586,U.S. Energy Information Administration - EIA-860 - 2021,1984-09,,,,,,IID,Q16985775,,,
way,1073692877,fence,"POLYGON ((-115.50638871127144 32.911473997855346, -115.50638015670442 32.907867254162554, -115.51039093372307 32.907841967811265, -115.51040808829632 32.911479514697454, -115.50638871127144 32.911473997855346))","[9849123848, 9849123842, 9849123841, 9849123840, 9849123848]",,Mesquite Lake Energy Park Plant 2,Mesquite Lake Energy Park,21 MW,biomass,plant,50363,U.S. Energy Information Administration - EIA-860 - 2021,1987-11,,,,,,,,,,
way,1073692878,fence,"POLYGON ((-115.50638871127144 32.911473997855346, -115.51040808829632 32.911479514697454, -115.51443616658878 32.91148503177282, -115.51442303119592 32.91476874406924, -115.51399946416687 32.91492104631493, -115.50666941169487 32.91491363348139, -115.50637987734474 32.91473580817045, -115.50638871127144 32.911473997855346))","[9849123848, 9849123840, 9849123847, 9849123846, 9849123845, 9849123844, 9849123843, 9849123848]",,Mesquite Lake Water & Power Plant 1,Mesquite Lake Water & Power Plant 1,18.1 MW,biomass,plant,57154,U.S. Energy Information Administration - EIA-860 - 2021,2009-06,,,,,,,,,,
way,1073692883,,"POLYGON ((-115.53232051207776 32.961227883270695, -115.53232090814727 32.96132579259434, -115.53232269104042 32.961752133195056, -115.53252161933369 32.96175943964901, -115.53252590731546 32.96206966927873, -115.53316810005798 32.96205878683528, -115.533488179605 32.96123511776205, -115.53232051207776 32.961227883270695))","[9849123901, 9849123895, 9849123900, 9849123899, 9849123898, 9849123897, 9849123896, 9849123901]",industrial,Rockwood Power Plant,Imperial Irrigation District,49.8 MW,gas;oil,plant,7824,U.S. Energy Information Administration - EIA-860 - 2021,1979-06,,,,,,IID,Q16985775,,,
way,1073692888,,"POLYGON ((-115.53515231912198 32.892348207811835, -115.53515235441145 32.8914787249589, -115.53473391223591 32.891037170792075, -115.53434230243163 32.88989285043017, -115.53221499720958 32.889885988310525, -115.5322228979621 32.8923594242346, -115.53515231912198 32.892348207811835))","[9849123935, 9849123934, 9849123933, 9849123932, 9849123931, 9849123930, 9849123935]",,Valencia Solar 3,Greenbacker Renewable Energy Corporation,3 MW,solar,plant,64441,U.S. Energy Information Administration - EIA-860 - 2021,2021-04,,,,,,,,,,
way,1073692889,,"POLYGON ((-115.50766003774186 32.91777113420694, -115.5104499388111 32.9177622141062, -115.51046071143381 32.9160146480363, -115.50682318918501 32.91601004231972, -115.50681776843687 32.916500988904104, -115.50671045302403 32.91650098579758, -115.5066997241862 32.91717204937555, -115.50679093435295 32.91724415888078, -115.50678553156322 32.917293663437434, -115.50766005698256 32.917298189181324, -115.50766003774186 32.91777113420694))","[9849123945, 9849123944, 9849123943, 9849123942, 9849123941, 9849123940, 9849123939, 9849123938, 9849123937, 9849123936, 9849123945]",,Valencia Solar 2,Greenbacker Renewable Energy Corporation,3 MW,solar,plant,64267,U.S. Energy Information Administration - EIA-860 - 2021,2020-12,,,,,,,,,,
way,1150491227,,"POLYGON ((-115.4796103882309 32.991826663517664, -115.47961069568474 32.98675148139805, -115.477437384319 32.986728216092736, -115.4763303166988 32.991830168609326, -115.4796103882309 32.991826663517664))","[10702304310, 10702304311, 10702304312, 10702304313, 10702304310]",,Community Solar 1,,yes,solar,plant,58545,,,photovoltaic,,,,,,,,,
