Geo_FILEID,Geo_STUSAB,Geo_SUMLEV,Geo_GEOCOMP,Geo_LOGRECNO,Geo_US,Geo_REGION,Geo_DIVISION,Geo_STATECE,Geo_STATE,Geo_COUNTY,Geo_COUSUB,Geo_PLACE,Geo_TRACT,Geo_BLKGRP,Geo_CONCIT,Geo_AIANHH,Geo_AIANHHFP,Geo_AIHHTLI,Geo_AITSCE,Geo_AITS,Geo_ANRC,Geo_CBSA,Geo_CSA,Geo_METDIV,Geo_MACC,Geo_MEMI,Geo_NECTA,Geo_CNECTA,Geo_NECTADIV,Geo_UA,Geo_CDCURR,Geo_SLDU,Geo_SLDL,Geo_ZCTA5,Geo_SUBMCD,Geo_SDELM,Geo_SDSEC,Geo_SDUNI,Geo_UR,Geo_PCI,Geo_PUMA5,Geo_GEOID,Geo_NAME,Geo_BTTR,Geo_BTBG,Geo_QName,Geo_FIPS,Geo_AREALAND,Geo_AREAWATR,Geo_PLACESE,Geo_UACP,Geo_VTD,Geo_ZCTA3,Geo_TAZ,Geo_UGA,Geo_PUMA1,SE_A00001_001,SE_B17008_001,SE_B17008_002,SE_B17008_003,SE_B17008_004,SE_B17008_005,SE_B17008_006,SE_B17008_007,SE_B17008_008,SE_B17008_009,SE_B17008_010,SE_B17008_011,SE_B17008_012,SE_B17008_013,SE_B17008_014,PCT_SE_B17008_002,PCT_SE_B17008_003,PCT_SE_B17008_004,PCT_SE_B17008_005,PCT_SE_B17008_006,PCT_SE_B17008_007,PCT_SE_B17008_008,PCT_SE_B17008_009,PCT_SE_B17008_010,PCT_SE_B17008_011,PCT_SE_B17008_012,PCT_SE_B17008_013,PCT_SE_B17008_014,SE_A17004_001,SE_A17004_002,SE_A17004_003,SE_A17004_004,SE_A17004_005,SE_A17004_006,SE_A17004_007,SE_A17004_008,SE_A17004_009,SE_A17004_010,SE_A17004_011,SE_A17004_012,SE_A17004_013,SE_A17004_014,PCT_SE_A17004_002,PCT_SE_A17004_003,PCT_SE_A17004_004,PCT_SE_A17004_005,PCT_SE_A17004_006,PCT_SE_A17004_007,PCT_SE_A17004_008,PCT_SE_A17004_009,PCT_SE_A17004_010,PCT_SE_A17004_011,PCT_SE_A17004_012,PCT_SE_A17004_013,PCT_SE_A17004_014,SE_A14001_001,SE_A14001_002,SE_A14001_003,SE_A14001_004,SE_A14001_005,SE_A14001_006,SE_A14001_007,SE_A14001_008,SE_A14001_009,SE_A14001_010,SE_A14001_011,SE_A14001_012,SE_A14001_013,SE_A14001_014,SE_A14001_015,SE_A14001_016,SE_A14001_017,PCT_SE_A14001_002,PCT_SE_A14001_003,PCT_SE_A14001_004,PCT_SE_A14001_005,PCT_SE_A14001_006,PCT_SE_A14001_007,PCT_SE_A14001_008,PCT_SE_A14001_009,PCT_SE_A14001_010,PCT_SE_A14001_011,PCT_SE_A14001_012,PCT_SE_A14001_013,PCT_SE_A14001_014,PCT_SE_A14001_015,PCT_SE_A14001_016,PCT_SE_A14001_017
ACSSF,ca,140,0,3857,,,,,6,25,,,10101,,,,,,,,,,,,,,,,,,,,,,,,,,,,,14000US06025010101,Census Tract 101.01,,,"Census Tract 101.01, Imperial County, California",6025010101,379172003,954069,,,,,,,,4207,0,0,0,0,0,0,0,0,0,0,0,0,0,0,,,,,,,,,,,,,,0,0,0,0,0,0,0,0,0,0,0,0,0,0,,,,,,,,,,,,,,43,9,32,2,0,0,0,0,0,0,0,0,0,0,0,0,0,20.93,74.42,4.65,0,0,0,0,0,0,0,0,0,0,0,0,0
ACSSF,ca,140,0,3858,,,,,6,25,,,10102,,,,,,,,,,,,,,,,,,,,,,,,,,,,,14000US06025010102,Census Tract 101.02,,,"Census Tract 101.02, Imperial County, California",6025010102,233852831,189009524,,,,,,,,3903,1405,71,52,158,29,47,43,25,130,113,347,194,95,101,5.05,3.7,11.25,2.06,3.35,3.06,1.78,9.25,8.04,24.7,13.81,6.76,7.19,1405,377,224,91,34,106,45,0,26,89,265,46,64,38,26.83,15.94,6.48,2.42,7.54,3.2,0,1.85,6.33,18.86,3.27,4.56,2.7,1305,293,180,60,11,77,10,118,40,186,111,61,46,89,23,0,0,22.45,13.79,4.6,0.84,5.9,0.77,9.04,3.07,14.25,8.51,4.67,3.52,6.82,1.76,0,0
ACSSF,ca,140,0,3859,,,,,6,25,,,10200,,,,,,,,,,,,,,,,,,,,,,,,,,,,,14000US06025010200,Census Tract 102,,,"Census Tract 102, Imperial County, California",6025010200,187539094,36114014,,,,,,,,2765,800,105,56,70,30,52,38,0,46,66,176,67,7,87,13.12,7,8.75,3.75,6.5,4.75,0,5.75,8.25,22,8.38,0.88,10.88,800,234,33,35,7,97,29,6,12,48,156,74,33,36,29.25,4.12,4.38,0.88,12.12,3.62,0.75,1.5,6,19.5,9.25,4.12,4.5,631,57,60,34,20,53,106,30,15,5,55,45,48,21,28,21,33,9.03,9.51,5.39,3.17,8.4,16.8,4.75,2.38,0.79,8.72,7.13,7.61,3.33,4.44,3.33,5.23
ACSSF,ca,140,0,3860,,,,,6,25,,,10300,,,,,,,,,,,,,,,,,,,,,,,,,,,,,14000US06025010300,Census Tract 103,,,"Census Tract 103, Imperial County, California",6025010300,467707929,338212,,,,,,,,918,371,47,68,29,0,25,3,14,13,21,100,26,19,6,12.67,18.33,7.82,0,6.74,0.81,3.77,3.5,5.66,26.95,7.01,5.12,1.62,371,125,1,5,15,6,37,2,12,19,74,25,48,2,33.69,0.27,1.35,4.04,1.62,9.97,0.54,3.23,5.12,19.95,6.74,12.94,0.54,252,18,3,2,12,19,9,20,7,3,6,43,24,20,18,29,19,7.14,1.19,0.79,4.76,7.54,3.57,7.94,2.78,1.19,2.38,17.06,9.52,7.94,7.14,11.51,7.54
ACSSF,ca,140,0,3861,,,,,6,25,,,10401,,,,,,,,,,,,,,,,,,,,,,,,,,,,,14000US06025010401,Census Tract 104.01,,,"Census Tract 104.01, Imperial County, California",6025010401,2315110,0,,,,,,,,2346,530,4,30,19,0,28,12,23,0,96,160,48,0,110,0.75,5.66,3.58,0,5.28,2.26,4.34,0,18.11,30.19,9.06,0,20.75,530,191,48,0,82,36,0,0,4,0,62,41,66,0,36.04,9.06,0,15.47,6.79,0,0,0.75,0,11.7,7.74,12.45,0,726,41,117,66,214,0,56,41,44,0,79,12,25,0,27,4,0,5.65,16.12,9.09,29.48,0,7.71,5.65,6.06,0,10.88,1.65,3.44,0,3.72,0.55,0
ACSSF,ca,140,0,3862,,,,,6,25,,,10402,,,,,,,,,,,,,,,,,,,,,,,,,,,,,14000US06025010402,Census Tract 104.02,,,"Census Tract 104.02, Imperial County, California",6025010402,3859139,0,,,,,,,,5384,1253,198,117,20,67,102,72,0,17,225,93,72,16,254,15.8,9.34,1.6,5.35,8.14,5.75,0,1.36,17.96,7.42,5.75,1.28,20.27,1253,107,60,50,86,152,125,0,11,129,244,102,27,160,8.54,4.79,3.99,6.86,12.13,9.98,0,0.88,10.3,19.47,8.14,2.15,12.77,1120,124,42,94,115,66,64,119,16,31,69,110,55,139,59,17,0,11.07,3.75,8.39,10.27,5.89,5.71,10.62,1.43,2.77,6.16,9.82,4.91,12.41,5.27,1.52,0
ACSSF,ca,140,0,3863,,,,,6,25,,,10500,,,,,,,,,,,,,,,,,,,,,,,,,,,,,14000US06025010500,Census Tract 105,,,"Census Tract 105, Imperial County, California",6025010500,3629627,0,,,,,,,,7361,2462,241,371,77,203,75,126,42,340,534,160,132,98,63,9.79,15.07,3.13,8.25,3.05,5.12,1.71,13.81,21.69,6.5,5.36,3.98,2.56,2462,234,22,18,77,336,172,15,104,177,612,124,37,534,9.5,0.89,0.73,3.13,13.65,6.99,0.61,4.22,7.19,24.86,5.04,1.5,21.69,2179,243,115,58,82,120,0,39,74,62,108,86,499,328,174,29,162,11.15,5.28,2.66,3.76,5.51,0,1.79,3.4,2.85,4.96,3.95,22.9,15.05,7.99,1.33,7.43
ACSSF,ca,140,0,3864,,,,,6,25,,,10600,,,,,,,,,,,,,,,,,,,,,,,,,,,,,14000US06025010600,Census Tract 106,,,"Census Tract 106, Imperial County, California",6025010600,8609621,0,,,,,,,,7089,2787,331,484,246,358,150,97,10,165,257,29,418,42,200,11.88,17.37,8.83,12.85,5.38,3.48,0.36,5.92,9.22,1.04,15,1.51,7.18,2787,207,263,11,95,289,163,0,136,240,660,208,56,459,7.43,9.44,0.39,3.41,10.37,5.85,0,4.88,8.61,23.68,7.46,2.01,16.47,2083,73,62,49,149,48,10,60,79,121,168,55,480,336,176,75,142,3.5,2.98,2.35,7.15,2.3,0.48,2.88,3.79,5.81,8.07,2.64,23.04,16.13,8.45,3.6,6.82
ACSSF,ca,140,0,3865,,,,,6,25,,,10700,,,,,,,,,,,,,,,,,,,,,,,,,,,,,14000US06025010700,Census Tract 107,,,"Census Tract 107, Imperial County, California",6025010700,5585852,0,,,,,,,,4239,1101,93,114,198,28,18,23,54,23,110,143,89,44,164,8.45,10.35,17.98,2.54,1.63,2.09,4.9,2.09,9.99,12.99,8.08,4,14.9,1101,188,32,52,31,18,128,0,19,29,334,112,50,108,17.08,2.91,4.72,2.82,1.63,11.63,0,1.73,2.63,30.34,10.17,4.54,9.81,1171,166,109,244,41,99,52,75,46,43,68,101,77,27,13,10,0,14.18,9.31,20.84,3.5,8.45,4.44,6.4,3.93,3.67,5.81,8.63,6.58,2.31,1.11,0.85,0
ACSSF,ca,140,0,3866,,,,,6,25,,,10800,,,,,,,,,,,,,,,,,,,,,,,,,,,,,14000US06025010800,Census Tract 108,,,"Census Tract 108, Imperial County, California",6025010800,289980912,0,,,,,,,,1103,529,92,45,16,14,6,26,0,164,38,27,50,11,40,17.39,8.51,3.02,2.65,1.13,4.91,0,31,7.18,5.1,9.45,2.08,7.56,529,129,23,0,54,36,22,0,17,35,69,90,23,31,24.39,4.35,0,10.21,6.81,4.16,0,3.21,6.62,13.04,17.01,4.35,5.86,343,14,13,11,30,26,0,9,0,5,18,21,112,10,37,12,25,4.08,3.79,3.21,8.75,7.58,0,2.62,0,1.46,5.25,6.12,32.65,2.92,10.79,3.5,7.29
ACSSF,ca,140,0,3867,,,,,6,25,,,10900,,,,,,,,,,,,,,,,,,,,,,,,,,,,,14000US06025010900,Census Tract 109,,,"Census Tract 109, Imperial County, California",6025010900,16189623,11902,,,,,,,,6675,2320,137,255,171,91,137,46,15,181,299,373,107,197,311,5.91,10.99,7.37,3.92,5.91,1.98,0.65,7.8,12.89,16.08,4.61,8.49,13.41,2320,501,108,47,202,277,180,0,14,123,293,231,35,309,21.59,4.66,2.03,8.71,11.94,7.76,0,0.6,5.3,12.63,9.96,1.51,13.32,1677,106,150,157,146,18,62,46,64,79,124,167,148,161,110,39,100,6.32,8.94,9.36,8.71,1.07,3.7,2.74,3.82,4.71,7.39,9.96,8.83,9.6,6.56,2.33,5.96
ACSSF,ca,140,0,3868,,,,,6,25,,,11001,,,,,,,,,,,,,,,,,,,,,,,,,,,,,14000US06025011001,Census Tract 110.01,,,"Census Tract 110.01, Imperial County, California",6025011001,168543975,59691,,,,,,,,4618,1662,167,169,0,220,117,126,63,381,241,43,113,0,22,10.05,10.17,0,13.24,7.04,7.58,3.79,22.92,14.5,2.59,6.8,0,1.32,1662,43,37,78,58,276,47,0,190,155,265,252,40,221,2.59,2.23,4.69,3.49,16.61,2.83,0,11.43,9.33,15.94,15.16,2.41,13.3,1304,33,0,128,41,0,0,136,0,38,0,147,251,267,106,157,0,2.53,0,9.82,3.14,0,0,10.43,0,2.91,0,11.27,19.25,20.48,8.13,12.04,0
ACSSF,ca,140,0,3869,,,,,6,25,,,11002,,,,,,,,,,,,,,,,,,,,,,,,,,,,,14000US06025011002,Census Tract 110.02,,,"Census Tract 110.02, Imperial County, California",6025011002,11530654,0,,,,,,,,11415,3394,292,848,48,446,52,57,119,226,633,6,461,108,98,8.6,24.99,1.41,13.14,1.53,1.68,3.51,6.66,18.65,0.18,13.58,3.18,2.89,3394,105,399,104,101,369,232,46,146,90,955,158,32,657,3.09,11.76,3.06,2.98,10.87,6.84,1.36,4.3,2.65,28.14,4.66,0.94,19.36,2701,129,101,61,111,73,0,162,0,260,85,196,527,425,281,111,179,4.78,3.74,2.26,4.11,2.7,0,6,0,9.63,3.15,7.26,19.51,15.73,10.4,4.11,6.63
ACSSF,ca,140,0,3870,,,,,6,25,,,11100,,,,,,,,,,,,,,,,,,,,,,,,,,,,,14000US06025011100,Census Tract 111,,,"Census Tract 111, Imperial County, California",6025011100,201633556,146453,,,,,,,,4001,1417,174,247,122,31,45,0,68,241,53,262,77,38,59,12.28,17.43,8.61,2.19,3.18,0,4.8,17.01,3.74,18.49,5.43,2.68,4.16,1417,281,58,58,15,226,29,9,65,85,255,135,107,94,19.83,4.09,4.09,1.06,15.95,2.05,0.64,4.59,6,18,9.53,7.55,6.63,992,41,60,77,100,75,89,11,55,16,167,60,77,29,88,35,12,4.13,6.05,7.76,10.08,7.56,8.97,1.11,5.54,1.61,16.83,6.05,7.76,2.92,8.87,3.53,1.21
ACSSF,ca,140,0,3871,,,,,6,25,,,11201,,,,,,,,,,,,,,,,,,,,,,,,,,,,,14000US06025011201,Census Tract 112.01,,,"Census Tract 112.01, Imperial County, California",6025011201,14446318,0,,,,,,,,7370,3037,411,678,260,297,104,187,52,282,434,82,112,88,50,13.53,22.32,8.56,9.78,3.42,6.16,1.71,9.29,14.29,2.7,3.69,2.9,1.65,3037,130,54,65,0,423,169,30,80,331,878,227,133,517,4.28,1.78,2.14,0,13.93,5.56,0.99,2.63,10.9,28.91,7.47,4.38,17.02,2172,101,6,100,22,29,14,289,59,23,179,207,501,342,138,55,107,4.65,0.28,4.6,1.01,1.34,0.64,13.31,2.72,1.06,8.24,9.53,23.07,15.75,6.35,2.53,4.93
ACSSF,ca,140,0,3872,,,,,6,25,,,11202,,,,,,,,,,,,,,,,,,,,,,,,,,,,,14000US06025011202,Census Tract 112.02,,,"Census Tract 112.02, Imperial County, California",6025011202,1644374,0,,,,,,,,6418,1696,70,245,345,39,36,131,20,219,36,164,212,28,151,4.13,14.45,20.34,2.3,2.12,7.72,1.18,12.91,2.12,9.67,12.5,1.65,8.9,1696,226,160,83,21,342,0,0,54,114,550,33,56,57,13.33,9.43,4.89,1.24,20.17,0,0,3.18,6.72,32.43,1.95,3.3,3.36,1695,155,164,180,120,175,143,120,86,190,87,69,144,37,16,0,9,9.14,9.68,10.62,7.08,10.32,8.44,7.08,5.07,11.21,5.13,4.07,8.5,2.18,0.94,0,0.53
ACSSF,ca,140,0,3873,,,,,6,25,,,11301,,,,,,,,,,,,,,,,,,,,,,,,,,,,,14000US06025011301,Census Tract 113.01,,,"Census Tract 113.01, Imperial County, California",6025011301,2591069,0,,,,,,,,4292,1422,76,143,88,0,330,124,62,104,104,72,88,113,118,5.34,10.06,6.19,0,23.21,8.72,4.36,7.31,7.31,5.06,6.19,7.95,8.3,1422,88,129,29,0,62,104,39,20,188,264,439,41,19,6.19,9.07,2.04,0,4.36,7.31,2.74,1.41,13.22,18.57,30.87,2.88,1.34,1025,124,54,38,155,47,56,25,29,110,120,49,122,66,11,0,19,12.1,5.27,3.71,15.12,4.59,5.46,2.44,2.83,10.73,11.71,4.78,11.9,6.44,1.07,0,1.85
ACSSF,ca,140,0,3874,,,,,6,25,,,11302,,,,,,,,,,,,,,,,,,,,,,,,,,,,,14000US06025011302,Census Tract 113.02,,,"Census Tract 113.02, Imperial County, California",6025011302,16934040,0,,,,,,,,1817,717,62,52,30,4,22,41,32,35,64,87,143,14,131,8.65,7.25,4.18,0.56,3.07,5.72,4.46,4.88,8.93,12.13,19.94,1.95,18.27,717,123,73,9,17,96,66,0,8,114,112,34,52,13,17.15,10.18,1.26,2.37,13.39,9.21,0,1.12,15.9,15.62,4.74,7.25,1.81,488,38,60,33,28,25,27,35,23,28,53,22,48,35,5,18,10,7.79,12.3,6.76,5.74,5.12,5.53,7.17,4.71,5.74,10.86,4.51,9.84,7.17,1.02,3.69,2.05
ACSSF,ca,140,0,3875,,,,,6,25,,,11303,,,,,,,,,,,,,,,,,,,,,,,,,,,,,14000US06025011303,Census Tract 113.03,,,"Census Tract 113.03, Imperial County, California",6025011303,109204445,0,,,,,,,,5514,1931,148,431,127,332,82,55,25,137,236,61,86,46,165,7.66,22.32,6.58,17.19,4.25,2.85,1.29,7.09,12.22,3.16,4.45,2.38,8.54,1931,139,62,245,25,282,187,34,0,131,578,41,32,175,7.2,3.21,12.69,1.29,14.6,9.68,1.76,0,6.78,29.93,2.12,1.66,9.06,1036,141,1,59,13,37,16,0,42,16,86,157,79,223,56,26,84,13.61,0.1,5.69,1.25,3.57,1.54,0,4.05,1.54,8.3,15.15,7.63,21.53,5.41,2.51,8.11
ACSSF,ca,140,0,3876,,,,,6,25,,,11400,,,,,,,,,,,,,,,,,,,,,,,,,,,,,14000US06025011400,Census Tract 114,,,"Census Tract 114, Imperial County, California",6025011400,3966374,21575,,,,,,,,4372,1671,120,192,185,99,130,59,107,224,169,25,176,90,95,7.18,11.49,11.07,5.92,7.78,3.53,6.4,13.41,10.11,1.5,10.53,5.39,5.69,1671,64,157,74,44,330,11,0,43,97,522,148,69,112,3.83,9.4,4.43,2.63,19.75,0.66,0,2.57,5.8,31.24,8.86,4.13,6.7,1067,76,128,45,96,48,74,21,60,50,162,155,91,22,39,0,0,7.12,12,4.22,9,4.5,6.94,1.97,5.62,4.69,15.18,14.53,8.53,2.06,3.66,0,0
ACSSF,ca,140,0,3877,,,,,6,25,,,11500,,,,,,,,,,,,,,,,,,,,,,,,,,,,,14000US06025011500,Census Tract 115,,,"Census Tract 115, Imperial County, California",6025011500,2040987,0,,,,,,,,6259,1871,83,217,186,34,136,94,26,195,148,155,185,140,272,4.44,11.6,9.94,1.82,7.27,5.02,1.39,10.42,7.91,8.28,9.89,7.48,14.54,1871,229,117,132,37,323,66,15,37,151,435,239,48,42,12.24,6.25,7.06,1.98,17.26,3.53,0.8,1.98,8.07,23.25,12.77,2.57,2.24,1575,127,152,111,247,37,102,105,120,19,176,126,137,51,36,29,0,8.06,9.65,7.05,15.68,2.35,6.48,6.67,7.62,1.21,11.17,8,8.7,3.24,2.29,1.84,0
ACSSF,ca,140,0,3878,,,,,6,25,,,11600,,,,,,,,,,,,,,,,,,,,,,,,,,,,,14000US06025011600,Census Tract 116,,,"Census Tract 116, Imperial County, California",6025011600,2046740,0,,,,,,,,5538,2102,151,254,293,77,128,103,61,151,114,114,115,60,481,7.18,12.08,13.94,3.66,6.09,4.9,2.9,7.18,5.42,5.42,5.47,2.85,22.88,2102,147,115,31,10,226,110,148,59,106,670,95,43,342,6.99,5.47,1.47,0.48,10.75,5.23,7.04,2.81,5.04,31.87,4.52,2.05,16.27,1752,152,234,102,47,143,154,20,128,49,158,170,149,138,63,11,34,8.68,13.36,5.82,2.68,8.16,8.79,1.14,7.31,2.8,9.02,9.7,8.5,7.88,3.6,0.63,1.94
ACSSF,ca,140,0,3879,,,,,6,25,,,11700,,,,,,,,,,,,,,,,,,,,,,,,,,,,,14000US06025011700,Census Tract 117,,,"Census Tract 117, Imperial County, California",6025011700,2004782,0,,,,,,,,4578,1639,97,377,165,45,51,29,86,141,256,38,153,34,167,5.92,23,10.07,2.75,3.11,1.77,5.25,8.6,15.62,2.32,9.33,2.07,10.19,1639,84,127,60,64,139,129,0,68,68,531,105,49,215,5.13,7.75,3.66,3.9,8.48,7.87,0,4.15,4.15,32.4,6.41,2.99,13.12,1302,162,47,86,48,67,9,13,37,101,96,75,141,218,94,35,73,12.44,3.61,6.61,3.69,5.15,0.69,1,2.84,7.76,7.37,5.76,10.83,16.74,7.22,2.69,5.61
ACSSF,ca,140,0,3880,,,,,6,25,,,11801,,,,,,,,,,,,,,,,,,,,,,,,,,,,,14000US06025011801,Census Tract 118.01,,,"Census Tract 118.01, Imperial County, California",6025011801,3265947,0,,,,,,,,3920,1788,267,483,62,87,186,72,58,74,230,2,135,38,94,14.93,27.01,3.47,4.87,10.4,4.03,3.24,4.14,12.86,0.11,7.55,2.13,5.26,1788,48,60,40,40,87,107,13,55,157,521,230,159,271,2.68,3.36,2.24,2.24,4.87,5.98,0.73,3.08,8.78,29.14,12.86,8.89,15.16,1041,0,11,54,8,22,33,70,0,14,50,70,28,251,143,200,87,0,1.06,5.19,0.77,2.11,3.17,6.72,0,1.34,4.8,6.72,2.69,24.11,13.74,19.21,8.36
ACSSF,ca,140,0,3881,,,,,6,25,,,11802,,,,,,,,,,,,,,,,,,,,,,,,,,,,,14000US06025011802,Census Tract 118.02,,,"Census Tract 118.02, Imperial County, California",6025011802,1729033,0,,,,,,,,4731,2044,185,492,93,111,43,57,52,330,323,63,118,71,106,9.05,24.07,4.55,5.43,2.1,2.79,2.54,16.14,15.8,3.08,5.77,3.47,5.19,2044,111,56,37,16,338,91,14,52,78,850,111,30,260,5.43,2.74,1.81,0.78,16.54,4.45,0.68,2.54,3.82,41.59,5.43,1.47,12.72,1296,49,111,56,26,40,58,91,82,46,138,122,106,104,172,22,73,3.78,8.56,4.32,2.01,3.09,4.48,7.02,6.33,3.55,10.65,9.41,8.18,8.02,13.27,1.7,5.63
ACSSF,ca,140,0,3882,,,,,6,25,,,11803,,,,,,,,,,,,,,,,,,,,,,,,,,,,,14000US06025011803,Census Tract 118.03,,,"Census Tract 118.03, Imperial County, California",6025011803,12382387,23943,,,,,,,,7715,2946,413,726,43,326,166,103,118,175,282,88,130,257,119,14.02,24.64,1.46,11.07,5.63,3.5,4.01,5.94,9.57,2.99,4.41,8.72,4.04,2946,205,171,107,45,247,179,0,172,149,592,263,184,632,6.96,5.8,3.63,1.53,8.38,6.08,0,5.84,5.06,20.1,8.93,6.25,21.45,1849,137,0,49,134,49,0,85,123,10,60,120,360,106,306,225,85,7.41,0,2.65,7.25,2.65,0,4.6,6.65,0.54,3.24,6.49,19.47,5.73,16.55,12.17,4.6
ACSSF,ca,140,0,3883,,,,,6,25,,,11901,,,,,,,,,,,,,,,,,,,,,,,,,,,,,14000US06025011901,Census Tract 119.01,,,"Census Tract 119.01, Imperial County, California",6025011901,138562389,0,,,,,,,,2002,722,120,137,0,0,86,0,0,55,23,38,134,2,127,16.62,18.98,0,0,11.91,0,0,7.62,3.19,5.26,18.56,0.28,17.59,722,38,208,23,0,105,129,0,0,0,90,86,43,0,5.26,28.81,3.19,0,14.54,17.87,0,0,0,12.47,11.91,5.96,0,497,70,7,38,12,0,0,3,0,41,86,49,31,18,29,33,80,14.08,1.41,7.65,2.41,0,0,0.6,0,8.25,17.3,9.86,6.24,3.62,5.84,6.64,16.1
ACSSF,ca,140,0,3884,,,,,6,25,,,11902,,,,,,,,,,,,,,,,,,,,,,,,,,,,,14000US06025011902,Census Tract 119.02,,,"Census Tract 119.02, Imperial County, California",6025011902,1057005,0,,,,,,,,3214,864,30,123,103,122,50,45,85,111,55,54,44,11,31,3.47,14.24,11.92,14.12,5.79,5.21,9.84,12.85,6.37,6.25,5.09,1.27,3.59,864,54,21,15,0,112,33,0,12,163,288,48,13,105,6.25,2.43,1.74,0,12.96,3.82,0,1.39,18.87,33.33,5.56,1.5,12.15,742,91,67,58,0,47,0,48,95,42,37,101,88,25,27,0,16,12.26,9.03,7.82,0,6.33,0,6.47,12.8,5.66,4.99,13.61,11.86,3.37,3.64,0,2.16
ACSSF,ca,140,0,3885,,,,,6,25,,,11903,,,,,,,,,,,,,,,,,,,,,,,,,,,,,14000US06025011903,Census Tract 119.03,,,"Census Tract 119.03, Imperial County, California",6025011903,84573095,0,,,,,,,,5356,1813,187,216,120,281,44,113,40,285,219,81,47,23,157,10.31,11.91,6.62,15.5,2.43,6.23,2.21,15.72,12.08,4.47,2.59,1.27,8.66,1813,103,72,42,0,405,131,0,111,107,269,116,87,370,5.68,3.97,2.32,0,22.34,7.23,0,6.12,5.9,14.84,6.4,4.8,20.41,1077,0,33,23,51,38,47,26,19,30,66,128,103,364,12,44,93,0,3.06,2.14,4.74,3.53,4.36,2.41,1.76,2.79,6.13,11.88,9.56,33.8,1.11,4.09,8.64
ACSSF,ca,140,0,3886,,,,,6,25,,,12001,,,,,,,,,,,,,,,,,,,,,,,,,,,,,14000US06025012001,Census Tract 120.01,,,"Census Tract 120.01, Imperial County, California",6025012001,533342,0,,,,,,,,4774,1545,49,146,261,61,146,163,0,110,205,157,75,9,163,3.17,9.45,16.89,3.95,9.45,10.55,0,7.12,13.27,10.16,4.85,0.58,10.55,1545,157,36,47,0,140,365,0,31,73,413,166,25,92,10.16,2.33,3.04,0,9.06,23.62,0,2.01,4.72,26.73,10.74,1.62,5.95,1000,54,132,105,52,31,245,26,64,53,39,14,57,7,37,84,0,5.4,13.2,10.5,5.2,3.1,24.5,2.6,6.4,5.3,3.9,1.4,5.7,0.7,3.7,8.4,0
ACSSF,ca,140,0,3887,,,,,6,25,,,12003,,,,,,,,,,,,,,,,,,,,,,,,,,,,,14000US06025012003,Census Tract 120.03,,,"Census Tract 120.03, Imperial County, California",6025012003,1669880,0,,,,,,,,4272,1398,273,166,78,75,59,45,42,206,157,15,191,29,62,19.53,11.87,5.58,5.36,4.22,3.22,3,14.74,11.23,1.07,13.66,2.07,4.43,1398,27,171,91,82,200,15,0,87,36,292,123,108,166,1.93,12.23,6.51,5.87,14.31,1.07,0,6.22,2.58,20.89,8.8,7.73,11.87,1023,102,46,16,18,66,12,69,71,16,28,75,190,104,63,105,42,9.97,4.5,1.56,1.76,6.45,1.17,6.74,6.94,1.56,2.74,7.33,18.57,10.17,6.16,10.26,4.11
ACSSF,ca,140,0,3888,,,,,6,25,,,12004,,,,,,,,,,,,,,,,,,,,,,,,,,,,,14000US06025012004,Census Tract 120.04,,,"Census Tract 120.04, Imperial County, California",6025012004,3248656,0,,,,,,,,4430,1515,103,309,185,42,40,108,19,74,68,122,182,84,179,6.8,20.4,12.21,2.77,2.64,7.13,1.25,4.88,4.49,8.05,12.01,5.54,11.82,1515,168,23,106,41,131,188,18,23,297,341,40,83,56,11.09,1.52,7,2.71,8.65,12.41,1.19,1.52,19.6,22.51,2.64,5.48,3.7,1179,81,210,20,44,33,36,45,8,39,191,120,76,106,84,26,60,6.87,17.81,1.7,3.73,2.8,3.05,3.82,0.68,3.31,16.2,10.18,6.45,8.99,7.12,2.21,5.09
ACSSF,ca,140,0,3889,,,,,6,25,,,12101,,,,,,,,,,,,,,,,,,,,,,,,,,,,,14000US06025012101,Census Tract 121.01,,,"Census Tract 121.01, Imperial County, California",6025012101,1235398,0,,,,,,,,3010,1133,43,212,121,0,79,195,0,333,33,8,0,0,109,3.8,18.71,10.68,0,6.97,17.21,0,29.39,2.91,0.71,0,0,9.62,1133,15,20,134,41,325,0,28,41,59,148,252,0,70,1.32,1.77,11.83,3.62,28.68,0,2.47,3.62,5.21,13.06,22.24,0,6.18,887,67,181,15,61,55,0,107,178,0,49,40,26,17,34,40,17,7.55,20.41,1.69,6.88,6.2,0,12.06,20.07,0,5.52,4.51,2.93,1.92,3.83,4.51,1.92
ACSSF,ca,140,0,3890,,,,,6,25,,,12102,,,,,,,,,,,,,,,,,,,,,,,,,,,,,14000US06025012102,Census Tract 121.02,,,"Census Tract 121.02, Imperial County, California",6025012102,1424997,0,,,,,,,,4124,922,80,399,37,0,0,88,14,26,78,30,61,42,67,8.68,43.28,4.01,0,0,9.54,1.52,2.82,8.46,3.25,6.62,4.56,7.27,922,15,83,20,35,53,52,0,20,81,447,84,32,0,1.63,9,2.17,3.8,5.75,5.64,0,2.17,8.79,48.48,9.11,3.47,0,804,33,210,87,73,20,52,0,41,0,20,59,94,26,16,13,60,4.1,26.12,10.82,9.08,2.49,6.47,0,5.1,0,2.49,7.34,11.69,3.23,1.99,1.62,7.46
ACSSF,ca,140,0,3891,,,,,6,25,,,12201,,,,,,,,,,,,,,,,,,,,,,,,,,,,,14000US06025012201,Census Tract 122.01,,,"Census Tract 122.01, Imperial County, California",6025012201,2169001,0,,,,,,,,4133,1523,185,222,128,20,77,115,16,96,126,126,91,156,165,12.15,14.58,8.4,1.31,5.06,7.55,1.05,6.3,8.27,8.27,5.98,10.24,10.83,1523,219,83,110,81,171,143,0,125,110,298,77,0,106,14.38,5.45,7.22,5.32,11.23,9.39,0,8.21,7.22,19.57,5.06,0,6.96,896,16,51,97,32,119,32,43,11,32,27,58,221,15,18,114,10,1.79,5.69,10.83,3.57,13.28,3.57,4.8,1.23,3.57,3.01,6.47,24.67,1.67,2.01,12.72,1.12
ACSSF,ca,140,0,3892,,,,,6,25,,,12202,,,,,,,,,,,,,,,,,,,,,,,,,,,,,14000US06025012202,Census Tract 122.02,,,"Census Tract 122.02, Imperial County, California",6025012202,3051293,0,,,,,,,,3584,1211,65,177,181,0,87,61,19,160,118,80,30,103,130,5.37,14.62,14.95,0,7.18,5.04,1.57,13.21,9.74,6.61,2.48,8.51,10.73,1211,80,25,119,0,191,92,0,26,132,287,126,116,17,6.61,2.06,9.83,0,15.77,7.6,0,2.15,10.9,23.7,10.4,9.58,1.4,911,12,51,153,40,36,76,29,8,60,47,37,149,126,57,26,4,1.32,5.6,16.79,4.39,3.95,8.34,3.18,0.88,6.59,5.16,4.06,16.36,13.83,6.26,2.85,0.44
ACSSF,ca,140,0,3893,,,,,6,25,,,12301,,,,,,,,,,,,,,,,,,,,,,,,,,,,,14000US06025012301,Census Tract 123.01,,,"Census Tract 123.01, Imperial County, California",6025012301,2147483647,0,,,,,,,,5024,196,29,20,0,21,7,0,0,34,15,10,17,22,21,14.8,10.2,0,10.71,3.57,0,0,17.35,7.65,5.1,8.67,11.22,10.71,196,10,10,35,0,52,6,0,0,28,8,40,0,7,5.1,5.1,17.86,0,26.53,3.06,0,0,14.29,4.08,20.41,0,3.57,342,53,21,48,36,27,0,20,54,0,7,35,8,33,0,0,0,15.5,6.14,14.04,10.53,7.89,0,5.85,15.79,0,2.05,10.23,2.34,9.65,0,0,0
ACSSF,ca,140,0,3894,,,,,6,25,,,12302,,,,,,,,,,,,,,,,,,,,,,,,,,,,,14000US06025012302,Census Tract 123.02,,,"Census Tract 123.02, Imperial County, California",6025012302,167953041,346138913,,,,,,,,5069,2079,176,79,131,32,161,288,42,102,193,215,230,116,314,8.47,3.8,6.3,1.54,7.74,13.85,2.02,4.91,9.28,10.34,11.06,5.58,15.1,2079,324,133,176,31,104,129,0,135,250,291,318,149,39,15.58,6.4,8.47,1.49,5,6.2,0,6.49,12.03,14,15.3,7.17,1.88,2540,53,176,306,465,298,192,135,236,117,87,210,141,74,50,0,0,2.09,6.93,12.05,18.31,11.73,7.56,5.31,9.29,4.61,3.43,8.27,5.55,2.91,1.97,0,0
ACSSF,ca,140,0,3895,,,,,6,25,,,12400,,,,,,,,,,,,,,,,,,,,,,,,,,,,,14000US06025012400,Census Tract 124,,,"Census Tract 124, Imperial County, California",6025012400,2147483647,214373966,,,,,,,,562,122,21,27,0,7,0,15,0,0,29,0,11,0,12,17.21,22.13,0,5.74,0,12.3,0,0,23.77,0,9.02,0,9.84,122,0,32,0,0,0,0,27,16,0,23,24,0,0,0,26.23,0,0,0,0,22.13,13.11,0,18.85,19.67,0,0,278,42,0,86,23,23,7,0,0,0,70,0,18,9,0,0,0,15.11,0,30.94,8.27,8.27,2.52,0,0,0,25.18,0,6.47,3.24,0,0,0
ACSSF,ca,140,0,3896,,,,,6,25,,,940000,,,,,,,,,,,,,,,,,,,,,,,,,,,,,14000US06025940000,Census Tract 9400,,,"Census Tract 9400, Imperial County, California",6025940000,114035426,3024499,,,,,,,,1949,466,30,44,33,24,79,15,18,69,50,6,28,12,58,6.44,9.44,7.08,5.15,16.95,3.22,3.86,14.81,10.73,1.29,6.01,2.58,12.45,466,13,16,0,10,18,22,0,11,27,73,159,58,59,2.79,3.43,0,2.15,3.86,4.72,0,2.36,5.79,15.67,34.12,12.45,12.66,540,88,87,17,58,43,26,4,52,36,34,27,31,5,10,9,13,16.3,16.11,3.15,10.74,7.96,4.81,0.74,9.63,6.67,6.3,5,5.74,0.93,1.85,1.67,2.41